/*
SQLyog Ultimate v11.27 (32 bit)
MySQL - 5.1.73 : Database - e-bank
*********************************************************************
*/

/*!40101 SET NAMES utf8 */;

/*!40101 SET SQL_MODE=''*/;

/*!40014 SET @OLD_UNIQUE_CHECKS=@@UNIQUE_CHECKS, UNIQUE_CHECKS=0 */;
/*!40014 SET @OLD_FOREIGN_KEY_CHECKS=@@FOREIGN_KEY_CHECKS, FOREIGN_KEY_CHECKS=0 */;
/*!40101 SET @OLD_SQL_MODE=@@SQL_MODE, SQL_MODE='NO_AUTO_VALUE_ON_ZERO' */;
/*!40111 SET @OLD_SQL_NOTES=@@SQL_NOTES, SQL_NOTES=0 */;
CREATE DATABASE /*!32312 IF NOT EXISTS*/`e-bank` /*!40100 DEFAULT CHARACTER SET utf8 */;

USE `e-bank`;

/*Table structure for table `admin` */

DROP TABLE IF EXISTS `admin`;

CREATE TABLE `admin` (
  `admin_id` int(11) NOT NULL AUTO_INCREMENT COMMENT '管理员id',
  `admin_name` varchar(10) NOT NULL COMMENT '管理员姓名',
  `admin_phone` varchar(10) DEFAULT NULL COMMENT '管理员账号',
  `admin_password` varchar(10) DEFAULT NULL COMMENT '管理员密码',
  `admin_last_login` datetime DEFAULT NULL COMMENT '上次登录时间',
  `admin_power` int(11) DEFAULT NULL COMMENT '管理员权限',
  PRIMARY KEY (`admin_id`)
) ENGINE=InnoDB AUTO_INCREMENT=3 DEFAULT CHARSET=utf8;

/*Data for the table `admin` */

insert  into `admin`(`admin_id`,`admin_name`,`admin_phone`,`admin_password`,`admin_last_login`,`admin_power`) values (1,'yanweichen','1327937923','111111','2016-01-13 15:47:13',1),(2,'admin01','0000000000','111111','2016-01-13 15:47:13',2);

/*Table structure for table `admin_type` */

DROP TABLE IF EXISTS `admin_type`;

CREATE TABLE `admin_type` (
  `admin_type_id` int(11) NOT NULL AUTO_INCREMENT COMMENT '管理员权限类型主键',
  `admin_type` char(10) DEFAULT NULL COMMENT '类型',
  PRIMARY KEY (`admin_type_id`)
) ENGINE=InnoDB AUTO_INCREMENT=3 DEFAULT CHARSET=utf8;

/*Data for the table `admin_type` */

insert  into `admin_type`(`admin_type_id`,`admin_type`) values (1,'超级管理员'),(2,'管理员');

/*Table structure for table `bank_card` */

DROP TABLE IF EXISTS `bank_card`;

CREATE TABLE `bank_card` (
  `card_id` int(11) NOT NULL AUTO_INCREMENT COMMENT '卡种id',
  `card_name` varchar(20) DEFAULT NULL COMMENT '卡片名称',
  `card_location` varchar(20) DEFAULT NULL COMMENT '发行地区',
  `card_currency` varchar(20) DEFAULT NULL COMMENT '币种',
  `card_face` varchar(200) DEFAULT NULL COMMENT '卡面',
  `card_info` varchar(200) DEFAULT NULL COMMENT '卡片描述',
  PRIMARY KEY (`card_id`)
) ENGINE=InnoDB AUTO_INCREMENT=4 DEFAULT CHARSET=utf8;

/*Data for the table `bank_card` */

insert  into `bank_card`(`card_id`,`card_name`,`card_location`,`card_currency`,`card_face`,`card_info`) values (1,'灵通卡','全国','多币种','page/assets/img/bank_card_face/lingtongka.png','一种蓝色的小卡片(●ˇ∀ˇ●)'),(2,'淘宝卡','全国','多币种','page/assets/img/bank_card_face/taobaoka.png','一种彩色的小卡片(●ˇ∀ˇ●)'),(3,'理财卡','全国','多币种','page/assets/img/bank_card_face/licaika.png','一种金色的小卡片(●ˇ∀ˇ●)');

/*Table structure for table `bank_log` */

DROP TABLE IF EXISTS `bank_log`;

CREATE TABLE `bank_log` (
  `log_id` int(200) NOT NULL AUTO_INCREMENT COMMENT '日志id',
  `log_user_id` int(11) DEFAULT NULL COMMENT '用户id',
  `log_user_name` varchar(200) DEFAULT NULL COMMENT '用户姓名',
  `log_class` varchar(200) DEFAULT NULL COMMENT '日志类名',
  `log_method` varchar(200) DEFAULT NULL COMMENT '日志方法名',
  `log_exception_detail` varchar(555) DEFAULT NULL COMMENT '日志异常描述',
  `log_params` varchar(555) DEFAULT NULL COMMENT '日志用户请求参数',
  `log_time` timestamp NULL DEFAULT NULL COMMENT '日志产生时间',
  `log_leavel` varchar(20) DEFAULT NULL COMMENT '日志级别',
  `log_msg` varchar(555) DEFAULT NULL COMMENT '日志信息',
  `log_type` int(11) DEFAULT NULL COMMENT '日志类型',
  `log_ip` varchar(50) DEFAULT NULL COMMENT '操作IP',
  PRIMARY KEY (`log_id`)
) ENGINE=InnoDB AUTO_INCREMENT=457 DEFAULT CHARSET=utf8;

/*Data for the table `bank_log` */

insert  into `bank_log`(`log_id`,`log_user_id`,`log_user_name`,`log_class`,`log_method`,`log_exception_detail`,`log_params`,`log_time`,`log_leavel`,`log_msg`,`log_type`,`log_ip`) values (404,NULL,'SystemError','org.springframework.web.servlet.FrameworkServlet','initServletBean',NULL,NULL,'2016-03-18 15:17:04','ERROR','Context initialization failed',0,NULL),(405,NULL,'SystemError','com.bank.annotation.SystemLogAspect','doBefore',NULL,NULL,'2016-03-18 16:04:49','ERROR','==前置通知异常==',0,'System'),(406,NULL,'SystemError','com.bank.annotation.SystemLogAspect','doBefore',NULL,NULL,'2016-03-18 16:04:50','ERROR','异常信息:null',0,'System'),(407,55,'测试账号0',NULL,'com.bank.controller.user.UserInfoController.login()',NULL,NULL,'2016-03-18 16:13:34',NULL,'用户登录',1,'0:0:0:0:0:0:0:1'),(408,NULL,'SystemError','com.bank.annotation.SystemLogAspect','doBefore',NULL,NULL,'2016-03-18 16:30:42','ERROR','==前置通知异常==',0,'System'),(409,NULL,'SystemError','com.bank.annotation.SystemLogAspect','doBefore',NULL,NULL,'2016-03-18 16:30:44','ERROR','异常信息:null',0,'System'),(410,NULL,'SystemError','org.springframework.web.servlet.FrameworkServlet','initServletBean',NULL,NULL,'2016-03-18 16:40:09','ERROR','Context initialization failed',0,'System'),(411,NULL,'SystemError','org.springframework.web.servlet.FrameworkServlet','initServletBean',NULL,NULL,'2016-03-18 16:41:27','ERROR','Context initialization failed',0,'System'),(412,NULL,'SystemError','com.bank.annotation.SystemLogAspect','doAfter',NULL,NULL,'2016-03-18 16:51:59','ERROR','==前置通知异常==',0,'System'),(413,NULL,'SystemError','com.bank.annotation.SystemLogAspect','doAfter',NULL,NULL,'2016-03-18 16:52:00','ERROR','异常信息:null',0,'System'),(414,NULL,'SystemError','com.bank.annotation.SystemLogAspect','doAfter',NULL,NULL,'2016-03-18 16:57:08','ERROR','==后置Controller通知异常==',0,'System'),(415,NULL,'SystemError','com.bank.annotation.SystemLogAspect','doAfter',NULL,NULL,'2016-03-18 16:57:09','ERROR','异常信息:null',0,'System'),(416,55,'测试账号0',NULL,'com.bank.controller.user.UserInfoController.login()',NULL,NULL,'2016-03-18 17:04:12',NULL,'用户登录',1,'0:0:0:0:0:0:0:1'),(417,55,'测试账号0',NULL,'com.bank.controller.user.UserInfoController.Logout()',NULL,NULL,'2016-03-18 17:04:41',NULL,'用户退出',1,'0:0:0:0:0:0:0:1'),(418,55,'测试账号0',NULL,'com.bank.controller.user.UserInfoController.login()',NULL,NULL,'2016-03-18 17:09:13',NULL,'用户登录',1,'0:0:0:0:0:0:0:1'),(419,55,'测试账号0',NULL,'com.bank.controller.user.UserInfoController.setPass()',NULL,NULL,'2016-03-18 17:09:36',NULL,'用户修改密码',1,'0:0:0:0:0:0:0:1'),(420,55,'测试账号0',NULL,'com.bank.controller.user.UserInfoController.login()',NULL,NULL,'2016-03-18 17:09:43',NULL,'用户登录',1,'0:0:0:0:0:0:0:1'),(421,55,'测试账号0',NULL,'com.bank.controller.card.CardController.goCheck()',NULL,NULL,'2016-03-18 17:09:56',NULL,'用户申请银行卡',1,'0:0:0:0:0:0:0:1'),(422,55,'测试账号0',NULL,'com.bank.controller.user.UserInfoController.login()',NULL,NULL,'2016-03-18 17:29:46',NULL,'用户登录',1,'0:0:0:0:0:0:0:1'),(423,55,'测试账号0',NULL,'com.bank.controller.user.UserInfoController.login()',NULL,NULL,'2016-03-18 17:33:15',NULL,'用户登录',1,'127.0.0.1'),(424,55,'测试账号0',NULL,'com.bank.controller.user.UserInfoController.login()',NULL,NULL,'2016-03-18 17:38:30',NULL,'用户登录',1,'127.0.0.1'),(425,55,'测试账号0',NULL,'com.bank.controller.user.UserInfoController.login()',NULL,NULL,'2016-03-18 17:53:58',NULL,'用户登录',1,'127.0.0.1'),(426,55,'测试账号0',NULL,'com.bank.controller.user.UserInfoController.login()',NULL,NULL,'2016-03-18 18:47:31',NULL,'用户登录',1,'0:0:0:0:0:0:0:1'),(427,55,'测试账号0',NULL,'com.bank.controller.user.UserInfoController.login()',NULL,NULL,'2016-03-22 11:25:27',NULL,'用户登录',1,'223.71.223.186'),(428,55,'测试账号0',NULL,'com.bank.controller.user.UserInfoController.login()',NULL,NULL,'2016-03-22 11:33:43',NULL,'用户登录',1,'0:0:0:0:0:0:0:1'),(429,55,'测试账号0',NULL,'com.bank.controller.user.UserInfoController.login()',NULL,NULL,'2016-03-22 11:41:59',NULL,'用户登录',1,'127.0.0.1'),(430,55,'测试账号0',NULL,'com.bank.controller.user.UserInfoController.login()',NULL,NULL,'2016-03-22 11:44:14',NULL,'用户登录',1,'127.0.0.1'),(431,NULL,'SystemError','com.bank.annotation.SystemLogAspect','doAfter',NULL,NULL,'2016-03-22 11:58:04','ERROR','==后置Controller通知异常==',0,'System'),(432,NULL,'SystemError','com.bank.annotation.SystemLogAspect','doAfter',NULL,NULL,'2016-03-22 11:58:07','ERROR','异常信息:null',0,'System'),(433,55,'测试账号0',NULL,'com.bank.controller.user.UserInfoController.login()',NULL,NULL,'2016-03-22 11:58:15',NULL,'用户登录',1,'223.71.223.186'),(434,55,'测试账号0',NULL,'com.bank.controller.user.UserInfoController.login()',NULL,NULL,'2016-03-22 14:18:24',NULL,'用户登录',1,'0:0:0:0:0:0:0:1'),(435,NULL,'SystemError','com.bank.annotation.SystemLogAspect','doBefore',NULL,NULL,'2016-03-23 00:31:31','ERROR','==前置通知异常==',0,'System'),(436,NULL,'SystemError','com.bank.annotation.SystemLogAspect','doBefore',NULL,NULL,'2016-03-23 00:31:33','ERROR','异常信息:null',0,'System'),(437,55,'测试账号0',NULL,'com.bank.controller.user.UserInfoController.login()',NULL,NULL,'2016-03-24 16:52:48',NULL,'用户登录',1,'223.71.223.186'),(438,55,'测试账号0',NULL,'com.bank.controller.user.UserInfoController.Logout()',NULL,NULL,'2016-03-24 16:53:47',NULL,'用户退出',1,'223.71.223.186'),(439,55,'测试账号0',NULL,'com.bank.controller.user.UserInfoController.login()',NULL,NULL,'2016-03-24 16:53:58',NULL,'用户登录',1,'223.71.223.186'),(440,NULL,'SystemError','com.bank.annotation.SystemLogAspect','doBefore',NULL,NULL,'2016-03-24 19:52:45','ERROR','==前置通知异常==',0,'System'),(441,NULL,'SystemError','com.bank.annotation.SystemLogAspect','doBefore',NULL,NULL,'2016-03-24 19:52:47','ERROR','异常信息:null',0,'System'),(443,55,'测试账号0',NULL,'com.bank.controller.user.UserInfoController.login()',NULL,NULL,'2016-03-28 11:17:20',NULL,'用户登录',1,'0:0:0:0:0:0:0:1'),(444,55,'测试账号0',NULL,'com.bank.controller.user.UserInfoController.login()',NULL,NULL,'2016-03-29 18:18:21',NULL,'用户登录',1,'223.71.223.186'),(445,55,'测试账号0',NULL,'com.bank.controller.user.UserInfoController.login()',NULL,NULL,'2016-03-29 18:20:50',NULL,'用户登录',1,'223.71.223.186'),(446,55,'测试账号0',NULL,'com.bank.controller.user.UserInfoController.login()',NULL,NULL,'2016-03-29 18:22:51',NULL,'用户登录',1,'127.0.0.1'),(447,55,'测试账号0',NULL,'com.bank.controller.user.UserInfoController.login()',NULL,NULL,'2016-03-29 18:25:07',NULL,'用户登录',1,'127.0.0.1'),(448,55,'测试账号0',NULL,'com.bank.controller.user.UserInfoController.login()',NULL,NULL,'2016-03-29 20:01:27',NULL,'用户登录',1,'223.20.190.129'),(449,55,'测试账号0',NULL,'com.bank.controller.user.UserInfoController.login()',NULL,NULL,'2016-04-05 14:45:24',NULL,'用户登录',1,'180.168.31.62'),(450,55,'测试账号0',NULL,'com.bank.controller.user.UserInfoController.login()',NULL,NULL,'2016-04-05 14:46:37',NULL,'用户登录',1,'211.103.240.130'),(451,55,'测试账号0',NULL,'com.bank.controller.user.UserInfoController.login()',NULL,NULL,'2016-04-05 15:26:06',NULL,'用户登录',1,'223.71.223.186'),(452,55,'测试账号0',NULL,'com.bank.controller.user.UserInfoController.login()',NULL,NULL,'2016-04-06 14:52:06',NULL,'用户登录',1,'223.71.223.186'),(453,55,'测试账号0',NULL,'com.bank.controller.user.UserInfoController.login()',NULL,NULL,'2016-04-06 15:19:30',NULL,'用户登录',1,'117.89.227.56'),(454,55,'测试账号0',NULL,'com.bank.controller.user.UserInfoController.login()',NULL,NULL,'2016-04-06 15:24:13',NULL,'用户登录',1,'223.71.223.186'),(455,55,'测试账号0',NULL,'com.bank.controller.user.UserInfoController.login()',NULL,NULL,'2016-04-12 15:32:40',NULL,'用户登录',1,'202.108.100.136'),(456,55,'测试账号0',NULL,'com.bank.controller.user.UserInfoController.login()',NULL,NULL,'2016-04-18 11:57:04',NULL,'用户登录',1,'223.71.223.186');

/*Table structure for table `bank_msgbox` */

DROP TABLE IF EXISTS `bank_msgbox`;

CREATE TABLE `bank_msgbox` (
  `msg_id` int(11) NOT NULL AUTO_INCREMENT COMMENT 'id',
  `msg_title` varchar(50) DEFAULT NULL COMMENT '消息标题',
  `msg_content` text COMMENT '消息内容',
  `msg_type` int(11) DEFAULT NULL COMMENT '消息类型',
  `msg_user_id` int(11) DEFAULT NULL COMMENT '用户id',
  `msg_state` tinyint(1) DEFAULT NULL COMMENT '消息状态',
  `msg_time` timestamp NULL DEFAULT NULL COMMENT '消息时间',
  PRIMARY KEY (`msg_id`)
) ENGINE=InnoDB AUTO_INCREMENT=76 DEFAULT CHARSET=utf8;

/*Data for the table `bank_msgbox` */

insert  into `bank_msgbox`(`msg_id`,`msg_title`,`msg_content`,`msg_type`,`msg_user_id`,`msg_state`,`msg_time`) values (2,'银行卡申请成功!','您的银行卡申请成功,请携带相关证件到附近营业厅办理相关手续！',3,55,1,'2016-02-18 15:22:43'),(3,'银行卡申请成功!','您的银行卡申请成功,请携带相关证件到附近营业厅办理相关手续！',3,55,1,'2016-02-18 15:22:47'),(7,'您收到了新的回复!','闫伟晨 对你说:aaaaaaa',3,56,1,'2016-02-19 18:06:56'),(10,'您收到了新的回复!','闫伟晨 对你说:擦擦擦',3,56,1,'2016-02-19 18:36:01'),(11,'您收到了新的回复!','测试账号1 对你说:我也测试回复',3,56,1,'2016-02-20 11:44:19'),(12,'您收到了新的回复!','测试账号2 对你说:什么 你也测试回复？',3,55,1,'2016-02-20 11:45:10'),(13,'您收到了新的回复!','测试账号1 对你说:测个毛线 完美！',3,56,1,'2016-02-20 11:45:46'),(14,'银行卡申请成功!','您的银行卡申请成功,请携带相关证件到附近营业厅办理相关手续！',3,55,1,'2016-02-20 14:04:36'),(45,'您收到一笔来自测试账号0的款项！','金额共666.0元人民币,详情请查看您的交易记录,并且<div class=\'gray6\'>测试账号0<div>还对您说:<div class=\'gray6\'>1<div>',3,55,1,'2016-02-24 12:15:30'),(46,'您收到一笔来自测试账号0的款项！','金额共100.0元人民币,详情请查看您的交易记录,并且<div class=\'gray6\'>测试账号0<div>还对您说:<div class=\'gray6\'>2<div>',3,55,1,'2016-02-24 12:33:38'),(47,'您收到了新的回复!','测试账号5 对你说:asd',3,59,1,'2016-03-03 12:29:14'),(48,'您收到了新的回复!','测试账号5 对你说:123',3,59,1,'2016-03-03 12:30:31'),(50,'您收到一笔来自测试账号1的款项！','金额共1000.0元人民币,详情请查看您的交易记录,并且<div class=\'gray6\'>测试账号1<div>还对您说:<div class=\'gray6\'>啊啊啊啊<div>',3,55,1,'2016-03-04 15:18:11'),(52,'您收到了新的回复!','测试账号0 对你说:拉拉阿拉~',3,55,1,'2016-03-04 15:19:34'),(55,'测试在线用户发送信息','发送信息',3,55,1,'2016-03-06 18:33:58'),(56,'银行卡申请成功!','您的银行卡申请成功,请携带相关证件到附近营业厅办理相关手续！',3,55,1,'2016-03-08 17:46:25'),(57,'凯子沙雕','沙雕',3,61,0,'2016-03-10 10:52:44'),(58,NULL,NULL,NULL,NULL,0,'2016-03-11 01:16:25'),(59,'测试消息发送','测试',3,55,1,'2016-03-11 10:55:17'),(60,'凯子？？？','是你？',3,55,1,'2016-03-13 10:12:45'),(61,'您收到一笔来自测试账号1的款项！','金额共233.0元人民币,详情请查看您的交易记录,并且<div class=\'gray6\'>测试账号1<div>还对您说:<div class=\'gray6\'>郭老师~~<div>',3,55,1,'2016-03-14 16:05:09'),(62,'您收到了新的回复!','测试账号0 对你说:',3,56,0,'2016-03-22 18:10:29'),(65,'您收到了新的回复!','测试账号0 对你说:<img class=\"emoji_icon\" src=\"page/assets/img/qq/14.gif\"><img class=\"emoji_icon\" src=\"page/assets/img/qq/3.gif\">',3,55,1,'2016-03-22 18:20:46'),(66,'您收到了新的回复!','测试账号0 对你说:<img class=\"emoji_icon\" src=\"page/assets/img/tieba/3.png\">',3,55,1,'2016-03-22 18:32:33'),(70,'测试中文乱码','测试',3,55,1,'2016-03-28 11:13:38'),(71,'哈哈','哪位同学',3,55,1,'2016-04-05 14:51:42'),(72,'您收到了新的回复!','测试账号0 对你说:<img class=\"emoji_icon\" src=\"page/assets/img/tieba/43.png\">',3,55,1,'2016-04-06 14:53:15'),(75,'测试消息发送2016年4月18日12:01:45','测试消息发送',3,55,0,'2016-04-18 12:02:47');

/*Table structure for table `card_check` */

DROP TABLE IF EXISTS `card_check`;

CREATE TABLE `card_check` (
  `card_check_id` int(11) NOT NULL AUTO_INCREMENT COMMENT 'id',
  `card_check_user` int(10) DEFAULT NULL COMMENT '申请的用户id',
  `card_check_cardtype` int(10) DEFAULT NULL COMMENT '申请的卡片id',
  `card_check_opencard_id` int(11) DEFAULT NULL COMMENT '生成的卡片id',
  `card_check_time` timestamp NULL DEFAULT NULL COMMENT '申请时间',
  PRIMARY KEY (`card_check_id`)
) ENGINE=InnoDB AUTO_INCREMENT=49 DEFAULT CHARSET=utf8;

/*Data for the table `card_check` */

insert  into `card_check`(`card_check_id`,`card_check_user`,`card_check_cardtype`,`card_check_opencard_id`,`card_check_time`) values (23,55,2,23,'2016-02-22 12:25:02'),(25,55,1,25,'2016-02-22 14:04:23'),(26,55,3,26,'2016-02-22 14:04:30'),(27,55,2,27,'2016-02-22 14:04:36'),(28,55,2,28,'2016-02-22 14:12:54'),(29,56,1,29,'2016-02-24 10:50:44'),(30,55,1,30,'2016-03-05 22:43:48'),(31,55,3,31,'2016-03-05 22:44:24'),(48,55,1,48,'2016-03-18 17:09:55');

/*Table structure for table `entry_comment` */

DROP TABLE IF EXISTS `entry_comment`;

CREATE TABLE `entry_comment` (
  `comment_id` int(10) NOT NULL AUTO_INCREMENT COMMENT '一级评论id',
  `comment_content` text COMMENT '评论内容',
  `comment_time` timestamp NOT NULL DEFAULT CURRENT_TIMESTAMP ON UPDATE CURRENT_TIMESTAMP COMMENT '时间',
  `comment_user_id` int(10) DEFAULT NULL COMMENT '发布者id',
  `comment_praise` int(10) DEFAULT NULL COMMENT '点赞数量',
  `comment_parent_id` int(10) DEFAULT NULL COMMENT '父评论id',
  `comment_entry_id` int(10) DEFAULT NULL COMMENT '所属文章id',
  PRIMARY KEY (`comment_id`)
) ENGINE=InnoDB AUTO_INCREMENT=171 DEFAULT CHARSET=utf8;

/*Data for the table `entry_comment` */

insert  into `entry_comment`(`comment_id`,`comment_content`,`comment_time`,`comment_user_id`,`comment_praise`,`comment_parent_id`,`comment_entry_id`) values (136,'测试回复~','2016-02-20 11:43:51',56,NULL,NULL,49),(137,'&nbsp;回复说&nbsp;&nbsp;:我也测试回复','2016-02-20 11:44:19',55,NULL,136,49),(138,'&nbsp;回复<a>测试账号1</a>说&nbsp;&nbsp;:什么 你也测试回复？','2016-02-20 11:45:10',56,NULL,136,49),(139,'&nbsp;回复<a>测试账号2</a>说&nbsp;&nbsp;:测个毛线 完美！','2016-02-20 11:45:46',55,NULL,136,49),(140,'楼上太他妈帅了 ','2016-02-20 11:49:32',56,NULL,NULL,49),(141,'帅你大爷个腿','2016-02-20 11:50:08',55,NULL,NULL,49),(142,'&nbsp;回复说&nbsp;&nbsp;:嗯','2016-02-20 14:17:45',56,NULL,141,49),(148,'cccc','2016-03-03 13:02:30',55,NULL,NULL,27),(149,'aaaa','2016-03-03 13:03:35',55,NULL,NULL,27),(150,'123123','2016-03-03 13:30:49',55,NULL,NULL,27),(151,'123123','2016-03-03 13:31:24',55,NULL,NULL,27),(152,'&nbsp;回复说&nbsp;&nbsp;:哈哈哈','2016-03-04 15:18:57',56,NULL,148,27),(153,'你好~~~~~','2016-03-04 15:19:15',55,NULL,NULL,27),(154,'&nbsp;回复说&nbsp;&nbsp;:拉拉阿拉~','2016-03-04 15:19:33',55,NULL,153,27),(155,'&nbsp;回复<a>测试账号0</a>说&nbsp;&nbsp;:啊啊啊','2016-03-04 15:20:04',56,NULL,153,27),(156,'测试正常状态回复','2016-03-10 11:15:46',55,NULL,NULL,66),(157,'aaaaa','2016-03-10 11:18:33',55,NULL,NULL,66),(160,'<img class=\"emoji_icon\" src=\"page/assets/img/tieba/4.png\">','2016-03-22 17:53:55',55,NULL,NULL,49),(162,'&nbsp;回复<a>测试账号0</a>说&nbsp;&nbsp;:<img class=\"emoji_icon\" src=\"page/assets/img/tieba/3.png\">','2016-03-22 18:11:11',55,NULL,136,49),(163,'&nbsp;回复<a>测试账号0</a>说&nbsp;&nbsp;:<img class=\"emoji_icon\" src=\"page/assets/img/tieba/21.png\">','2016-03-22 18:11:28',55,NULL,136,49),(164,'&nbsp;回复说&nbsp;&nbsp;:<img class=\"emoji_icon\" src=\"page/assets/img/qq/14.gif\"><img class=\"emoji_icon\" src=\"page/assets/img/qq/3.gif\">','2016-03-22 18:20:48',55,NULL,149,27),(165,'&nbsp;回复说&nbsp;&nbsp;:<img class=\"emoji_icon\" src=\"page/assets/img/tieba/3.png\">','2016-03-22 18:32:35',55,NULL,149,27),(166,'&nbsp;回复说&nbsp;&nbsp;:<img class=\"emoji_icon\" src=\"page/assets/img/tieba/2.png\">','2016-03-22 18:38:49',55,NULL,153,27),(167,'&nbsp;回复说&nbsp;&nbsp;:<img class=\"emoji_icon\" src=\"page/assets/img/tieba/2.png\">','2016-03-22 18:39:03',55,NULL,151,27),(170,'<img class=\"emoji_icon\" src=\"page/assets/img/tieba/3.png\">','2016-04-06 15:23:11',55,NULL,NULL,67);

/*Table structure for table `entry_label` */

DROP TABLE IF EXISTS `entry_label`;

CREATE TABLE `entry_label` (
  `label_name` varchar(20) NOT NULL COMMENT '标签名',
  PRIMARY KEY (`label_name`),
  UNIQUE KEY `label_name` (`label_name`)
) ENGINE=InnoDB DEFAULT CHARSET=utf8;

/*Data for the table `entry_label` */

insert  into `entry_label`(`label_name`) values ('Intel'),('iOS9'),('Win10最新版'),('Win10系统'),('Win10预览版'),('关键词1'),('关键词2'),('关键词3'),('芯片'),('龙芯');

/*Table structure for table `entry_relation_label` */

DROP TABLE IF EXISTS `entry_relation_label`;

CREATE TABLE `entry_relation_label` (
  `entry_relation_label_id` int(20) NOT NULL AUTO_INCREMENT COMMENT '主键',
  `entry_id` int(20) DEFAULT NULL COMMENT '文章id',
  `label_name` varchar(255) DEFAULT NULL COMMENT '标签名',
  PRIMARY KEY (`entry_relation_label_id`),
  KEY `entry_delete_relation_delete` (`entry_id`),
  CONSTRAINT `entry_delete_relation_delete` FOREIGN KEY (`entry_id`) REFERENCES `index_entry` (`index_id`) ON DELETE CASCADE
) ENGINE=InnoDB AUTO_INCREMENT=114 DEFAULT CHARSET=utf8;

/*Data for the table `entry_relation_label` */

insert  into `entry_relation_label`(`entry_relation_label_id`,`entry_id`,`label_name`) values (57,49,'Win10最新版'),(58,49,'iOS9'),(59,49,'Intel'),(60,50,'龙芯'),(61,50,'芯片'),(62,50,'Intel'),(63,51,'Win10预览版'),(64,51,'Win10最新版'),(65,51,'Win10系统'),(78,56,'关键词1'),(79,56,'关键词2'),(80,56,'关键词3'),(81,57,'关键词1'),(82,57,'关键词2'),(83,57,'关键词3'),(84,58,'关键词1'),(85,58,'关键词2'),(86,58,'关键词3'),(108,66,'关键词1'),(109,66,'关键词2'),(110,66,'关键词3'),(111,67,'关键词1'),(112,67,'关键词2'),(113,67,'关键词3');

/*Table structure for table `index_entry` */

DROP TABLE IF EXISTS `index_entry`;

CREATE TABLE `index_entry` (
  `index_id` int(11) NOT NULL AUTO_INCREMENT COMMENT '主键',
  `index_pid` int(11) NOT NULL COMMENT '分类',
  `index_title` varchar(255) DEFAULT NULL COMMENT '标题',
  `index_content` mediumtext COMMENT '正文',
  `index_uptime` datetime DEFAULT NULL COMMENT '上传日期',
  `index_aid` int(11) NOT NULL COMMENT '上传者id',
  `index_state` varchar(10) DEFAULT NULL COMMENT '文章状态',
  `index_isindex` tinyint(1) DEFAULT NULL COMMENT '是否推送到首页',
  `index_hitsnum` int(20) DEFAULT NULL COMMENT '点击量',
  `index_label` varchar(255) DEFAULT NULL COMMENT '文章标签',
  `index_from` varchar(255) DEFAULT NULL COMMENT '文章来源',
  `index_href` varchar(255) DEFAULT NULL COMMENT '文章来源链接',
  `index_preview_image_url` varchar(200) DEFAULT NULL COMMENT '文章预览图',
  PRIMARY KEY (`index_id`)
) ENGINE=InnoDB AUTO_INCREMENT=70 DEFAULT CHARSET=utf8;

/*Data for the table `index_entry` */

insert  into `index_entry`(`index_id`,`index_pid`,`index_title`,`index_content`,`index_uptime`,`index_aid`,`index_state`,`index_isindex`,`index_hitsnum`,`index_label`,`index_from`,`index_href`,`index_preview_image_url`) values (2,1,'测试数据1','测试数据正文1','2015-12-07 12:58:36',1,'00',0,5,NULL,NULL,NULL,'http://sourceimg-10021396.image.myqcloud.com/680e05d2-6e8b-4dc0-9e9a-4731d3a8cf60'),(3,2,'测试数据2','测试数据正文2','2015-12-07 12:58:47',1,'00',0,5,NULL,NULL,NULL,'http://sourceimg-10021396.image.myqcloud.com/680e05d2-6e8b-4dc0-9e9a-4731d3a8cf60'),(7,2,'测试数据01','测试格式\n		    ','2016-01-18 19:20:47',1,'00',0,12,NULL,NULL,NULL,'http://sourceimg-10021396.image.myqcloud.com/680e05d2-6e8b-4dc0-9e9a-4731d3a8cf60'),(8,2,'测试格式01','啊啊啊啊啊啊啊啊啊啊啊啊啊\n		    ','2016-01-18 20:49:25',1,'00',0,17,NULL,NULL,NULL,'http://sourceimg-10021396.image.myqcloud.com/680e05d2-6e8b-4dc0-9e9a-4731d3a8cf60'),(17,1,'公告测试公告测试公告测试公告测试公告测试公告测试','公告测试公告测试公告测试公告测试公告测试公告测试公告测试公告测试<!-- 编辑区域 -->\n		    ','2016-01-20 19:23:48',1,'00',0,3,NULL,NULL,NULL,'http://sourceimg-10021396.image.myqcloud.com/680e05d2-6e8b-4dc0-9e9a-4731d3a8cf60'),(18,1,'公告公告公告公告公告公告公告公告公告','公告测试公告测试公告测试公告测试公告测试公告测试公告测试公告测试<!-- 编辑区域 -->\n		    ','2016-01-20 19:24:19',1,'00',1,13,NULL,NULL,NULL,'http://sourceimg-10021396.image.myqcloud.com/680e05d2-6e8b-4dc0-9e9a-4731d3a8cf60'),(19,1,'公告公告公告公告公告公告公告公告公告','公告测试公告测试公告测试公告测试公告测试公告测试公告测试公告测试<!-- 编辑区域 -->\n		    ','2016-01-20 19:24:23',1,'00',1,6,NULL,NULL,NULL,'http://sourceimg-10021396.image.myqcloud.com/680e05d2-6e8b-4dc0-9e9a-4731d3a8cf60'),(24,2,'中国厂商太猛， 索尼三星印度被逼裁员','\n		    	<!-- 编辑区域 -->\n		    <p style=\"margin: 0px; padding: 10px 0px; font-size: 1pc; line-height: 30px; color: rgb(39, 42, 48); font-family: \'Microsoft Yahei\'; font-style: normal; font-variant: normal; font-weight: normal; letter-spacing: normal; orphans: auto; text-align: justify; text-indent: 0px; text-transform: none; white-space: normal; widows: 1; word-spacing: 0px; -webkit-text-stroke-width: 0px; background-color: rgb(255, 255, 255);\">据《印度时报》1月20日报道，索尼公司和三星电子已分别在印度裁剪了约150名高管人员，这主要是由于过去两个月销售不景气，而且中国公司也在抢夺智能手机市场，竞争日趋激烈。据四位匿名的行业内高管表示，索尼印度公司给员工提供了自愿离职的机会，而印度最大的手机销售商三星电子则直接要求地区市场支持部和售后服务部的中层管理人员主动离职，此举主要是为了降低公司成本。</p><p style=\"margin: 0px; padding: 10px 0px; font-size: 1pc; line-height: 30px; color: rgb(39, 42, 48); font-family: \'Microsoft Yahei\'; font-style: normal; font-variant: normal; font-weight: normal; letter-spacing: normal; orphans: auto; text-align: justify; text-indent: 0px; text-transform: none; white-space: normal; widows: 1; word-spacing: 0px; -webkit-text-stroke-width: 0px; background-color: rgb(255, 255, 255);\"><img src=\"http://img.ithome.com/newsuploadfiles/2016/1/20160121_172845_528.jpg\" alt=\"中国厂商太猛， 索尼三星印度被逼裁员\" style=\"border: 0px; vertical-align: bottom; max-width: 728px;\"></p><p style=\"margin: 0px; padding: 10px 0px; font-size: 1pc; line-height: 30px; color: rgb(39, 42, 48); font-family: \'Microsoft Yahei\'; font-style: normal; font-variant: normal; font-weight: normal; letter-spacing: normal; orphans: auto; text-align: justify; text-indent: 0px; text-transform: none; white-space: normal; widows: 1; word-spacing: 0px; -webkit-text-stroke-width: 0px; background-color: rgb(255, 255, 255);\">报道称，索尼印度公司的市场份额已由两年前的6-7%下降至1%，如今公司正在缩减手机业务规模，这势必会导致裁员。经公司的一位发言人证实，索尼公司向手机部门的长期雇员提供了虚拟参考站技术(VRS)，此举有望在公司转战高端智能手机市场时优化资源配置。公司还打算通过精简运营过程和提高运作效率，建立一个稳定的业务基础。发言人还补充说，消费者可以继续方便快捷地购买公司的产品。</p><p style=\"margin: 0px; padding: 10px 0px; font-size: 1pc; line-height: 30px; color: rgb(39, 42, 48); font-family: \'Microsoft Yahei\'; font-style: normal; font-variant: normal; font-weight: normal; letter-spacing: normal; orphans: auto; text-align: justify; text-indent: 0px; text-transform: none; white-space: normal; widows: 1; word-spacing: 0px; -webkit-text-stroke-width: 0px; background-color: rgb(255, 255, 255);\">三星电子在排灯节之前就已解雇250名员工，现在已着手缩减市场销售部门的多层管理结构。三星印度公司总裁在最近的国际消费电子展(CES 2016)上也谈及了公司2015年低于预期的增长速度和成本削减措施，包括裁员。但是三星电子西南亚地区的发言人则表示，这些关于裁员的消息是莫须有的。</p>\n		    	<!-- 编辑区域 -->\n		    ','2016-03-02 14:54:01',1,'01',1,33,'关键词1,关键词2,关键词3','','','http://sourceimg-10021396.image.myqcloud.com/9641dad3-28b0-420f-9fdc-d2bf58df3e24'),(25,2,'印度最大电商Flipkart谈Win10 UWP应用开发历程','<p style=\"margin: 0px; padding: 10px 0px; font-size: 1pc; line-height: 30px; color: rgb(39, 42, 48); font-family: \'Microsoft Yahei\'; font-style: normal; font-variant: normal; font-weight: normal; letter-spacing: normal; orphans: auto; text-align: justify; text-indent: 0px; text-transform: none; white-space: normal; widows: 1; word-spacing: 0px; -webkit-text-stroke-width: 0px; background-color: rgb(255, 255, 255);\">上周，印度最大电商公司Flipkart（网上购物网站）推出了他们的<a class=\"s_tag\" href=\"http://win10.ithome.com/\" target=\"_blank\" style=\"outline: 0px; color: rgb(39, 42, 48); text-decoration: none; -webkit-tap-highlight-color: rgba(255, 255, 255, 0); cursor: text;\">Win10</a>&nbsp;UWP客户端，适配<a class=\"s_tag\" href=\"http://win10.ithome.com/\" target=\"_blank\" style=\"outline: 0px; color: rgb(39, 42, 48); text-decoration: none; -webkit-tap-highlight-color: rgba(255, 255, 255, 0); cursor: text;\">Windows10</a><span class=\"Apple-converted-space\">&nbsp;</span>PC和<a class=\"s_tag\" href=\"http://win10.ithome.com/\" target=\"_blank\" style=\"outline: 0px; color: rgb(39, 42, 48); text-decoration: none; -webkit-tap-highlight-color: rgba(255, 255, 255, 0); cursor: text;\">Win10 Mobile</a>平台，这次更新也吸引了大量用户涌入。今天，这款Win10通用应用背后开发团队分享了开发体验。</p><p style=\"margin: 0px; padding: 10px 0px; font-size: 1pc; line-height: 30px; color: rgb(39, 42, 48); font-family: \'Microsoft Yahei\'; font-style: normal; font-variant: normal; font-weight: normal; letter-spacing: normal; orphans: auto; text-align: justify; text-indent: 0px; text-transform: none; white-space: normal; widows: 1; word-spacing: 0px; -webkit-text-stroke-width: 0px; background-color: rgb(255, 255, 255);\"><img src=\"http://img.ithome.com/newsuploadfiles/2016/1/20160121_181436_374.jpg\" alt=\"印度最大电商Flipkart谈Win10 UWP应用开发历程\" style=\"border: 0px; vertical-align: bottom; max-width: 728px;\"></p><p style=\"margin: 0px; padding: 10px 0px; font-size: 1pc; line-height: 30px; color: rgb(39, 42, 48); font-family: \'Microsoft Yahei\'; font-style: normal; font-variant: normal; font-weight: normal; letter-spacing: normal; orphans: auto; text-align: justify; text-indent: 0px; text-transform: none; white-space: normal; widows: 1; word-spacing: 0px; -webkit-text-stroke-width: 0px; background-color: rgb(255, 255, 255);\">通常产品的开发路线首先是分析市场，查找差距弥补，撰写产品需求文档、讨论/头脑风暴，进行包装，然后是设计和开发。它开始于试验，逐步成为优先级项目。</p><p style=\"margin: 0px; padding: 10px 0px; font-size: 1pc; line-height: 30px; color: rgb(39, 42, 48); font-family: \'Microsoft Yahei\'; font-style: normal; font-variant: normal; font-weight: normal; letter-spacing: normal; orphans: auto; text-align: justify; text-indent: 0px; text-transform: none; white-space: normal; widows: 1; word-spacing: 0px; -webkit-text-stroke-width: 0px; background-color: rgb(255, 255, 255);\">团队中有两名设计人员负责，面临挑战是创建响应式应用同时保证后台数据呈现商业逻辑进行。当项目开始时，UWP还是新的概念，几乎没有其他应用进行参考和功能性指导。此外，Flipkart是非常复杂应用，用户基数很大。其风险很高而不能犯错。用户并不清楚这样应用面临的情况。</p><p style=\"margin: 0px; padding: 10px 0px; font-size: 1pc; line-height: 30px; color: rgb(39, 42, 48); font-family: \'Microsoft Yahei\'; font-style: normal; font-variant: normal; font-weight: normal; letter-spacing: normal; orphans: auto; text-align: justify; text-indent: 0px; text-transform: none; white-space: normal; widows: 1; word-spacing: 0px; -webkit-text-stroke-width: 0px; background-color: rgb(255, 255, 255);\"><strong style=\"font-weight: 700; font-style: normal;\">Flipkart</strong>下载（美国区），<a href=\"https://www.microsoft.com/en-us/store/apps/flipkart/9wzdncrfj356\" target=\"_blank\" style=\"outline: 0px; color: rgb(0, 0, 255); text-decoration: underline; -webkit-tap-highlight-color: rgba(255, 255, 255, 0); cursor: pointer;\">点此链接</a>或使用玩应用App（<a href=\"https://www.microsoft.com/zh-cn/store/Apps/%E7%8E%A9%E5%BA%94%E7%94%A8/9WZDNCRDKXBV\" target=\"_blank\" style=\"outline: 0px; color: rgb(0, 0, 255); text-decoration: underline; -webkit-tap-highlight-color: rgba(255, 255, 255, 0); cursor: pointer;\">下载链接</a>）扫描下列二维码：</p><p style=\"margin: 0px; padding: 10px 0px; font-size: 1pc; line-height: 30px; color: rgb(39, 42, 48); font-family: \'Microsoft Yahei\'; font-style: normal; font-variant: normal; font-weight: normal; letter-spacing: normal; orphans: auto; text-align: justify; text-indent: 0px; text-transform: none; white-space: normal; widows: 1; word-spacing: 0px; -webkit-text-stroke-width: 0px; background-color: rgb(255, 255, 255);\"><img class=\"lazy\" src=\"http://img.ithome.com/newsuploadfiles/2016/1/20160121_182014_997.jpg\" alt=\"印度最大电商Flipkart谈Win10 UWP应用开发历程\" data-original=\"http://img.ithome.com/newsuploadfiles/2016/1/20160121_182014_997.jpg\" style=\"border: 0px; vertical-align: bottom; max-width: 728px; display: inline;\"></p>','2016-01-21 18:44:19',1,'01',1,18,NULL,NULL,NULL,'http://sourceimg-10021396.image.myqcloud.com/680e05d2-6e8b-4dc0-9e9a-4731d3a8cf60'),(27,1,'A站和B站的宅文化究竟有什么不同？','\n		    	<!-- 编辑区域 -->\n		    <p style=\"margin: 0px; padding: 10px 0px; font-size: 1pc; line-height: 30px; color: rgb(39, 42, 48); font-family: \'Microsoft Yahei\'; font-style: normal; font-variant: normal; font-weight: normal; letter-spacing: normal; orphans: auto; text-align: justify; text-indent: 0px; text-transform: none; white-space: normal; widows: 1; word-spacing: 0px; -webkit-text-stroke-width: 0px; background-color: rgb(255, 255, 255);\">作为新一代年轻宅男宅女聚集地的弹幕视频网站AcFun（A站）和Bilibili（B站），将曾经更为小众的二次元“宅文化”进一步展现在大众面前，就算你没有专门去看那些动画、漫画和游戏，但一定也听过“叶良辰”和“赵日天”的故事。没错，赵日天这一根本不存在的人物着实在2015年火了一把。</p><p style=\"margin: 0px; padding: 10px 0px; font-size: 1pc; line-height: 30px; color: rgb(39, 42, 48); font-family: \'Microsoft Yahei\'; font-style: normal; font-variant: normal; font-weight: normal; letter-spacing: normal; orphans: auto; text-align: justify; text-indent: 0px; text-transform: none; white-space: normal; widows: 1; word-spacing: 0px; -webkit-text-stroke-width: 0px; background-color: rgb(255, 255, 255);\">而最近AcFun（以下简称A站）正式公布，<a href=\"http://www.ithome.com/html/it/200900.htm\" target=\"_blank\" style=\"outline: 0px; color: rgb(0, 0, 255); text-decoration: underline; -webkit-tap-highlight-color: rgba(255, 255, 255, 0); cursor: pointer;\">获得了软银中国的6000万美元A+轮投资</a>，而这轮融资将用于品牌推广和产品完善。同时宣布：莫然出任公司CEO，原CEO孙旻出任总裁。在去年A站就已经获得由优酷土豆领投的5000万美元投资。</p><p style=\"margin: 0px; padding: 10px 0px; font-size: 1pc; line-height: 30px; color: rgb(39, 42, 48); font-family: \'Microsoft Yahei\'; font-style: normal; font-variant: normal; font-weight: normal; letter-spacing: normal; orphans: auto; text-align: justify; text-indent: 0px; text-transform: none; white-space: normal; widows: 1; word-spacing: 0px; -webkit-text-stroke-width: 0px; background-color: rgb(255, 255, 255);\">但在年轻人的移动社交生活中占比这样大的“二次元”世界是怎么样，也许还有更多的人表示不能理解。宅男宅女也不仅仅再是一个小众群体，如你所见当90后们长大成为各行各业做争夺的受众群体，其代表的“宅文化”也正如潮涨之势袭来。</p><p style=\"margin: 0px; padding: 10px 0px; font-size: 1pc; line-height: 30px; color: rgb(39, 42, 48); font-family: \'Microsoft Yahei\'; font-style: normal; font-variant: normal; font-weight: normal; letter-spacing: normal; orphans: auto; text-align: justify; text-indent: 0px; text-transform: none; white-space: normal; widows: 1; word-spacing: 0px; -webkit-text-stroke-width: 0px; background-color: rgb(255, 255, 255);\"><strong style=\"font-weight: 700; font-style: normal;\">内容较量下的A站、B站看的到底什么？</strong></p><p style=\"margin: 0px; padding: 10px 0px; font-size: 1pc; line-height: 30px; color: rgb(39, 42, 48); font-family: \'Microsoft Yahei\'; font-style: normal; font-variant: normal; font-weight: normal; letter-spacing: normal; orphans: auto; text-align: justify; text-indent: 0px; text-transform: none; white-space: normal; widows: 1; word-spacing: 0px; -webkit-text-stroke-width: 0px; background-color: rgb(255, 255, 255);\">用一个字概括就是：<strong style=\"font-weight: 700; font-style: normal;\">宅</strong>，当“宅”成为一种文化形态，用户对他们则产生了更多期待。<strong style=\"font-weight: 700; font-style: normal;\">“二次元”文化作为它们无数用户背后的力量源泉。从现有状况来看，B站仍在ACG（动画、漫画和游戏）的内容上发力：各种独播新番内容轮流上线，话题一般围绕“宅基腐”，而相比之下的A站则更倾向于带有二次元色彩的三次元内容，以游戏为特色</strong>。</p><p style=\"margin: 0px; padding: 10px 0px; font-size: 1pc; line-height: 30px; color: rgb(39, 42, 48); font-family: \'Microsoft Yahei\'; font-style: normal; font-variant: normal; font-weight: normal; letter-spacing: normal; orphans: auto; text-align: justify; text-indent: 0px; text-transform: none; white-space: normal; widows: 1; word-spacing: 0px; -webkit-text-stroke-width: 0px; background-color: rgb(255, 255, 255);\"><img src=\"http://img.ithome.com/newsuploadfiles/2016/1/20160121_160958_930.jpg\" alt=\"A站和B站的宅文化究竟有什么不同？\" style=\"border: 0px; vertical-align: bottom; max-width: 728px;\"></p><p style=\"margin: 0px; padding: 10px 0px; font-size: 1pc; line-height: 30px; color: rgb(39, 42, 48); font-family: \'Microsoft Yahei\'; font-style: normal; font-variant: normal; font-weight: normal; letter-spacing: normal; orphans: auto; text-align: justify; text-indent: 0px; text-transform: none; white-space: normal; widows: 1; word-spacing: 0px; -webkit-text-stroke-width: 0px; background-color: rgb(255, 255, 255);\"><strong style=\"font-weight: 700; font-style: normal;\">呆萌下的B站</strong></p><p style=\"margin: 0px; padding: 10px 0px; font-size: 1pc; line-height: 30px; color: rgb(39, 42, 48); font-family: \'Microsoft Yahei\'; font-style: normal; font-variant: normal; font-weight: normal; letter-spacing: normal; orphans: auto; text-align: justify; text-indent: 0px; text-transform: none; white-space: normal; widows: 1; word-spacing: 0px; -webkit-text-stroke-width: 0px; background-color: rgb(255, 255, 255);\">即使在A站新番更新较少之下，它仍然拥有一批黏性较高的用户群体，<strong style=\"font-weight: 700; font-style: normal;\">也很难说这其实是一批更为忠实的“资深宅”</strong>。用户自身的鲜明特点也从A站的文章区和评论区看出来：当“御宅族”发表一些基于二次元世界观的三次元观察，文章中的指点江山、评论区高谈阔论，使得不少宅梗诞生。比如跟着“叶良辰”重新火了一把的“赵日天”，<strong style=\"font-weight: 700; font-style: normal;\">最先便是在A站匿名版里诞生，UP主“一大碗雪橇”发布在《老子名叫赵日天》</strong>，随后曾有妖气上连载的唐小云的《断罪小学》漫画上迅速蹿红，进而流行于网络。但也因此将讨论范围锁定在评论区内，一定程度上形成内容孤岛。</p><p style=\"margin: 0px; padding: 10px 0px; font-size: 1pc; line-height: 30px; color: rgb(39, 42, 48); font-family: \'Microsoft Yahei\'; font-style: normal; font-variant: normal; font-weight: normal; letter-spacing: normal; orphans: auto; text-align: justify; text-indent: 0px; text-transform: none; white-space: normal; widows: 1; word-spacing: 0px; -webkit-text-stroke-width: 0px; background-color: rgb(255, 255, 255);\"><strong style=\"font-weight: 700; font-style: normal;\">所以，什么人在看A站和B站？</strong></p><p style=\"margin: 0px; padding: 10px 0px; font-size: 1pc; line-height: 30px; color: rgb(39, 42, 48); font-family: \'Microsoft Yahei\'; font-style: normal; font-variant: normal; font-weight: normal; letter-spacing: normal; orphans: auto; text-align: justify; text-indent: 0px; text-transform: none; white-space: normal; widows: 1; word-spacing: 0px; -webkit-text-stroke-width: 0px; background-color: rgb(255, 255, 255);\"><img class=\"lazy\" src=\"http://img.ithome.com/newsuploadfiles/2016/1/20160121_160959_165.jpg\" alt=\"A站和B站的宅文化究竟有什么不同？\" data-original=\"http://img.ithome.com/newsuploadfiles/2016/1/20160121_160959_165.jpg\" style=\"border: 0px; vertical-align: bottom; max-width: 728px; display: inline;\"></p><p style=\"margin: 0px; padding: 10px 0px; font-size: 1pc; line-height: 30px; color: rgb(39, 42, 48); font-family: \'Microsoft Yahei\'; font-style: normal; font-variant: normal; font-weight: normal; letter-spacing: normal; orphans: auto; text-align: justify; text-indent: 0px; text-transform: none; white-space: normal; widows: 1; word-spacing: 0px; -webkit-text-stroke-width: 0px; background-color: rgb(255, 255, 255);\">在两者都同时拥有高度粘性用户的同时，<strong style=\"font-weight: 700; font-style: normal;\">A站的人群普遍比B站大3至5岁</strong><strong style=\"font-weight: 700; font-style: normal;\">。这个年龄差也决定了A站具有更强的社会属性，而B站拥有更多学生党</strong>，也就不难理解在内容上A站的视频内容在二次元的基础上慢慢扩散至三次元的社会属性上。但“宅”性依旧，<strong style=\"font-weight: 700; font-style: normal;\">A站则掌握更多拥有“情怀”的御宅群体</strong>。</p><p style=\"margin: 0px; padding: 10px 0px; font-size: 1pc; line-height: 30px; color: rgb(39, 42, 48); font-family: \'Microsoft Yahei\'; font-style: normal; font-variant: normal; font-weight: normal; letter-spacing: normal; orphans: auto; text-align: justify; text-indent: 0px; text-transform: none; white-space: normal; widows: 1; word-spacing: 0px; -webkit-text-stroke-width: 0px; background-color: rgb(255, 255, 255);\">虽同为弹幕网站，<strong style=\"font-weight: 700; font-style: normal;\">B站弹幕的活跃程度明显多于A站，重复和无意义的也多</strong>，但被概括为“呆萌”群体的B站用户乐此不疲。内容尽管是重点与用户入口，但让更多A站老用户迷恋的却是让其引以为豪的文章区和评论区。在某种层面上来看，<strong style=\"font-weight: 700; font-style: normal;\">在AcFuns上人们关注的重点也许不是内容本身，更是以一种特殊环境下所获得的满足感</strong>。</p><p style=\"margin: 0px; padding: 10px 0px; font-size: 1pc; line-height: 30px; color: rgb(39, 42, 48); font-family: \'Microsoft Yahei\'; font-style: normal; font-variant: normal; font-weight: normal; letter-spacing: normal; orphans: auto; text-align: justify; text-indent: 0px; text-transform: none; white-space: normal; widows: 1; word-spacing: 0px; -webkit-text-stroke-width: 0px; background-color: rgb(255, 255, 255);\"><img class=\"lazy\" src=\"http://img.ithome.com/newsuploadfiles/2016/1/20160121_160959_331.jpg\" alt=\"A站和B站的宅文化究竟有什么不同？\" data-original=\"http://img.ithome.com/newsuploadfiles/2016/1/20160121_160959_331.jpg\" style=\"border: 0px; vertical-align: bottom; max-width: 728px; display: inline;\"></p><p style=\"margin: 0px; padding: 10px 0px; font-size: 1pc; line-height: 30px; color: rgb(39, 42, 48); font-family: \'Microsoft Yahei\'; font-style: normal; font-variant: normal; font-weight: normal; letter-spacing: normal; orphans: auto; text-align: justify; text-indent: 0px; text-transform: none; white-space: normal; widows: 1; word-spacing: 0px; -webkit-text-stroke-width: 0px; background-color: rgb(255, 255, 255);\">A站文章区</p><p style=\"margin: 0px; padding: 10px 0px; font-size: 1pc; line-height: 30px; color: rgb(39, 42, 48); font-family: \'Microsoft Yahei\'; font-style: normal; font-variant: normal; font-weight: normal; letter-spacing: normal; orphans: auto; text-align: justify; text-indent: 0px; text-transform: none; white-space: normal; widows: 1; word-spacing: 0px; -webkit-text-stroke-width: 0px; background-color: rgb(255, 255, 255);\">网络上关于AcFun和Bilibili的争论仍然在一直进行着，其实不论你是这两者之中哪个网站的死忠粉都好<strong style=\"font-weight: 700; font-style: normal;\">，同为二次元弹幕网站的他们在经过几年的发展后在网友的高度自制下形成如今看起来具有鲜明特色风格的网站，二次元也好三次元也罢可以找到自己身心上的“精神食粮”就足够了吧</strong>。</p>','2016-03-02 14:46:11',1,'10',1,97,'关键词1,关键词2,关键词3','','','http://sourceimg-10021396.image.myqcloud.com/c8c980b4-4036-46ef-817e-810dc3366e08'),(28,1,'中国联通部分客户端被曝低级Bug：无密码随便登陆','\n		    	<!-- 编辑区域 -->\n		    <p style=\"margin: 0px; padding: 10px 0px; font-size: 1pc; line-height: 30px; color: rgb(39, 42, 48); font-family: \'Microsoft Yahei\'; font-style: normal; font-variant: normal; font-weight: normal; letter-spacing: normal; orphans: auto; text-align: justify; text-indent: 0px; text-transform: none; white-space: normal; widows: 1; word-spacing: 0px; -webkit-text-stroke-width: 0px; background-color: rgb(255, 255, 255);\">运营商相关的产品漏洞已经数见不鲜了，此前我们还报道过<a href=\"http://www.ithome.com/html/it/197934.htm\" target=\"_blank\" style=\"outline: 0px; color: rgb(0, 0, 255); text-decoration: underline; -webkit-tap-highlight-color: rgba(255, 255, 255, 0); cursor: pointer;\">三大运营商流量计费系统的漏洞</a>，不过那个比较隐蔽，而今天乌云漏洞平台曝光的有关中国联通部分客户端的Bug就比较低级了，一旦被黑客发现，会轻易对用户会造成严重损失。</p><p style=\"margin: 0px; padding: 10px 0px; font-size: 1pc; line-height: 30px; color: rgb(39, 42, 48); font-family: \'Microsoft Yahei\'; font-style: normal; font-variant: normal; font-weight: normal; letter-spacing: normal; orphans: auto; text-align: justify; text-indent: 0px; text-transform: none; white-space: normal; widows: 1; word-spacing: 0px; -webkit-text-stroke-width: 0px; background-color: rgb(255, 255, 255);\"><img src=\"http://img.ithome.com/newsuploadfiles/2016/1/20160121_181643_624.jpg\" alt=\"中国联通部分客户端被曝低级Bug：无密码随便登陆\" style=\"border: 0px; vertical-align: bottom; max-width: 728px;\"></p><p style=\"margin: 0px; padding: 10px 0px; font-size: 1pc; line-height: 30px; color: rgb(39, 42, 48); font-family: \'Microsoft Yahei\'; font-style: normal; font-variant: normal; font-weight: normal; letter-spacing: normal; orphans: auto; text-align: justify; text-indent: 0px; text-transform: none; white-space: normal; widows: 1; word-spacing: 0px; -webkit-text-stroke-width: 0px; background-color: rgb(255, 255, 255);\">根据漏洞发现者恶人毛透露，中国联通的沃流量、沃邮箱等<a class=\"s_tag\" href=\"http://android.ithome.com/\" target=\"_blank\" style=\"outline: 0px; color: rgb(39, 42, 48); text-decoration: none; -webkit-tap-highlight-color: rgba(255, 255, 255, 0); cursor: text;\">Android</a>客户端可能被用户免密码登陆，主要原因出在客户端本身的一键登录功能。无需输入密码，可以看出原理是利用验证手机SIM卡是否有效的方式实现的，于是该作者突发奇想，如果改变SIM卡手机号会怎么样？</p><p style=\"margin: 0px; padding: 10px 0px; font-size: 1pc; line-height: 30px; color: rgb(39, 42, 48); font-family: \'Microsoft Yahei\'; font-style: normal; font-variant: normal; font-weight: normal; letter-spacing: normal; orphans: auto; text-align: justify; text-indent: 0px; text-transform: none; white-space: normal; widows: 1; word-spacing: 0px; -webkit-text-stroke-width: 0px; background-color: rgb(255, 255, 255);\"><img class=\"lazy\" src=\"http://img.ithome.com/newsuploadfiles/2016/1/20160121_181636_247.png\" alt=\"中国联通部分客户端被曝低级Bug：无密码随便登陆\" data-original=\"http://img.ithome.com/newsuploadfiles/2016/1/20160121_181636_247.png\" style=\"border: 0px; vertical-align: bottom; max-width: 728px; display: inline;\"></p><p style=\"margin: 0px; padding: 10px 0px; font-size: 1pc; line-height: 30px; color: rgb(39, 42, 48); font-family: \'Microsoft Yahei\'; font-style: normal; font-variant: normal; font-weight: normal; letter-spacing: normal; orphans: auto; text-align: justify; text-indent: 0px; text-transform: none; white-space: normal; widows: 1; word-spacing: 0px; -webkit-text-stroke-width: 0px; background-color: rgb(255, 255, 255);\"><img class=\"lazy\" src=\"http://img.ithome.com/newsuploadfiles/2016/1/20160121_181749_689.png\" alt=\"中国联通部分客户端被曝低级Bug：无密码随便登陆\" data-original=\"http://img.ithome.com/newsuploadfiles/2016/1/20160121_181749_689.png\" style=\"border: 0px; vertical-align: bottom; max-width: 728px; display: inline;\"></p><p style=\"margin: 0px; padding: 10px 0px; font-size: 1pc; line-height: 30px; color: rgb(39, 42, 48); font-family: \'Microsoft Yahei\'; font-style: normal; font-variant: normal; font-weight: normal; letter-spacing: normal; orphans: auto; text-align: justify; text-indent: 0px; text-transform: none; white-space: normal; widows: 1; word-spacing: 0px; -webkit-text-stroke-width: 0px; background-color: rgb(255, 255, 255);\">于是该发现者利用xposed+改号软件，将SIM卡手机号码改成任意号码，修改后同样能通过验证，比较简单。像18577777777，18566666666这样的号码都能登陆。并且注册账号时候必须注册的邮箱也能成功同步过来，包含历史邮件，这样，就会对其他用户造成不可估量的损失了。而且经验证，完全可以通过抓包抓取到邮箱的POP3密码。<br></p><p style=\"margin: 0px; padding: 10px 0px; font-size: 1pc; line-height: 30px; color: rgb(39, 42, 48); font-family: \'Microsoft Yahei\'; font-style: normal; font-variant: normal; font-weight: normal; letter-spacing: normal; orphans: auto; text-align: justify; text-indent: 0px; text-transform: none; white-space: normal; widows: 1; word-spacing: 0px; -webkit-text-stroke-width: 0px; background-color: rgb(255, 255, 255);\"><img class=\"lazy\" src=\"http://img.ithome.com/newsuploadfiles/2016/1/20160121_181636_588.png\" alt=\"中国联通部分客户端被曝低级Bug：无密码随便登陆\" data-original=\"http://img.ithome.com/newsuploadfiles/2016/1/20160121_181636_588.png\" style=\"border: 0px; vertical-align: bottom; max-width: 728px; display: inline;\"></p><p style=\"margin: 0px; padding: 10px 0px; font-size: 1pc; line-height: 30px; color: rgb(39, 42, 48); font-family: \'Microsoft Yahei\'; font-style: normal; font-variant: normal; font-weight: normal; letter-spacing: normal; orphans: auto; text-align: justify; text-indent: 0px; text-transform: none; white-space: normal; widows: 1; word-spacing: 0px; -webkit-text-stroke-width: 0px; background-color: rgb(255, 255, 255);\">可以看出整个过程唯一的技术手段就是更改SIM卡手机号，而这通过软件手段也可以简单实现，显然联通方面对客户端的意见登陆功能并没有做足够的安全验证措施，属于明显的低级Bug。</p>','2016-03-02 14:53:22',1,'00',1,62,'关键词1,关键词2,关键词3','','','http://sourceimg-10021396.image.myqcloud.com/75966ef1-0410-4d4e-b31c-597279e38351'),(29,1,'Wii U《超级马里奥制造》登陆Win10：就靠Cemu模拟器','<p style=\"margin: 0px; padding: 10px 0px; font-size: 1pc; line-height: 30px; color: rgb(39, 42, 48); font-family: \'Microsoft Yahei\'; font-style: normal; font-variant: normal; font-weight: normal; letter-spacing: normal; orphans: auto; text-align: justify; text-indent: 0px; text-transform: none; white-space: normal; widows: 1; word-spacing: 0px; -webkit-text-stroke-width: 0px; background-color: rgb(255, 255, 255);\">模拟器是游戏跨平台运行的利器，有效解决了某些用户无法利用手头设备玩其他平台游戏的问题。虽然很多时候在新平台上模拟的运行环境并不理想，但这并没有影响玩家和模拟器开发者的热情。最近，Wii U平台热门游戏《超级马里奥制造（Super Mario Maker）》被Cemu 1.3.0请到了<a class=\"s_tag\" href=\"http://www.win7china.com/\" target=\"_blank\" style=\"outline: 0px; color: rgb(39, 42, 48); text-decoration: none; -webkit-tap-highlight-color: rgba(255, 255, 255, 0); cursor: text;\">Win7</a>/<a class=\"s_tag\" href=\"http://win8.ithome.com/\" target=\"_blank\" style=\"outline: 0px; color: rgb(39, 42, 48); text-decoration: none; -webkit-tap-highlight-color: rgba(255, 255, 255, 0); cursor: text;\">Win8.1</a>/<a class=\"s_tag\" href=\"http://win10.ithome.com/\" target=\"_blank\" style=\"outline: 0px; color: rgb(39, 42, 48); text-decoration: none; -webkit-tap-highlight-color: rgba(255, 255, 255, 0); cursor: text;\">Win10</a>平台，开发者发布了相关视频介绍。<br></p><p style=\"margin: 0px; padding: 10px 0px; font-size: 1pc; line-height: 30px; color: rgb(39, 42, 48); font-family: \'Microsoft Yahei\'; font-style: normal; font-variant: normal; font-weight: normal; letter-spacing: normal; orphans: auto; text-align: justify; text-indent: 0px; text-transform: none; white-space: normal; widows: 1; word-spacing: 0px; -webkit-text-stroke-width: 0px; background-color: rgb(255, 255, 255);\"><img src=\"http://img.ithome.com/newsuploadfiles/2016/1/20160121_152305_982.jpg\" alt=\"Wii U《超级马里奥制造》登陆Win10：就靠Cemu模拟器\" style=\"border: 0px; vertical-align: bottom; max-width: 728px;\"></p><p style=\"margin: 0px; padding: 10px 0px; font-size: 1pc; line-height: 30px; color: rgb(39, 42, 48); font-family: \'Microsoft Yahei\'; font-style: normal; font-variant: normal; font-weight: normal; letter-spacing: normal; orphans: auto; text-align: justify; text-indent: 0px; text-transform: none; white-space: normal; widows: 1; word-spacing: 0px; -webkit-text-stroke-width: 0px; background-color: rgb(255, 255, 255);\">从视频中可以看到，这款模拟器在<a class=\"s_tag\" href=\"http://win10.ithome.com/\" target=\"_blank\" style=\"outline: 0px; color: rgb(39, 42, 48); text-decoration: none; -webkit-tap-highlight-color: rgba(255, 255, 255, 0); cursor: text;\">Windows10</a>预览版11082上的效果还是不错的，测试者用鼠标就可以完成超级马里奥关卡的设计，整个过程非常流畅。另外，在IT之家实际测试中，在Win10预览版11099中首次打开模拟器时，系统会提示缺少MSVCP.DLL文件和MSVCR.DLL文件，这是由于系统运行库不完整所致，你可以单独补齐这两个文件，也可以尝试安装相关微软运行库，<a href=\"http://mofang.ruanmei.com/\" target=\"_blank\" style=\"outline: 0px; color: rgb(0, 0, 255); text-decoration: underline; -webkit-tap-highlight-color: rgba(255, 255, 255, 0); cursor: pointer;\">软媒魔方</a>（<a href=\"http://down.ruanmei.com/tweakcube/partner/pcmastersetup_u143.exe\" target=\"_blank\" style=\"outline: 0px; color: rgb(0, 0, 255); text-decoration: underline; -webkit-tap-highlight-color: rgba(255, 255, 255, 0); cursor: pointer;\">点击下载</a>）的软件管家中有所有运行库文件可供选择。</p>','2016-01-21 18:53:31',1,'00',1,8,NULL,NULL,NULL,'http://sourceimg-10021396.image.myqcloud.com/680e05d2-6e8b-4dc0-9e9a-4731d3a8cf60'),(30,1,'谷歌Google Play首进中国，它将如何更接地气？','<p style=\"margin: 0px; padding: 10px 0px; font-size: 1pc; line-height: 30px; color: rgb(39, 42, 48); font-family: \'Microsoft Yahei\'; font-style: normal; font-variant: normal; font-weight: normal; letter-spacing: normal; orphans: auto; text-align: justify; text-indent: 0px; text-transform: none; white-space: normal; widows: 1; word-spacing: 0px; -webkit-text-stroke-width: 0px; background-color: rgb(255, 255, 255);\">Google Play将重回中国的消息越来越多，也越来越有可靠性了。最近一组Google Play的app截图又流传在网上，<a href=\"http://www.ithome.com/html/it/202255.htm\" target=\"_blank\" style=\"outline: 0px; color: rgb(0, 0, 255); text-decoration: underline; -webkit-tap-highlight-color: rgba(255, 255, 255, 0); cursor: pointer;\">在软件版本号中出现了“CHINA”的字样</a>，看来Google Play将有中国定制版的真实性又增加了。</p><p style=\"margin: 0px; padding: 10px 0px; font-size: 1pc; line-height: 30px; color: rgb(39, 42, 48); font-family: \'Microsoft Yahei\'; font-style: normal; font-variant: normal; font-weight: normal; letter-spacing: normal; orphans: auto; text-align: justify; text-indent: 0px; text-transform: none; white-space: normal; widows: 1; word-spacing: 0px; -webkit-text-stroke-width: 0px; background-color: rgb(255, 255, 255);\"><img src=\"http://img.ithome.com/newsuploadfiles/2016/1/20160121_163313_882.jpg\" alt=\"谷歌Google Play首进中国，它将如何更接地气？\" style=\"border: 0px; vertical-align: bottom; max-width: 728px;\"></p><p style=\"margin: 0px; padding: 10px 0px; font-size: 1pc; line-height: 30px; color: rgb(39, 42, 48); font-family: \'Microsoft Yahei\'; font-style: normal; font-variant: normal; font-weight: normal; letter-spacing: normal; orphans: auto; text-align: justify; text-indent: 0px; text-transform: none; white-space: normal; widows: 1; word-spacing: 0px; -webkit-text-stroke-width: 0px; background-color: rgb(255, 255, 255);\">同时在支付方式里，截图中还出现了支付宝的选项，另外也支持信用卡与借记卡支付。看来中国版的Google Play还挺接地气的，知道中国用户都喜欢使用支付宝这类的移动支付app来网上购物，如果有微信支付那就更好了。</p><p style=\"margin: 0px; padding: 10px 0px; font-size: 1pc; line-height: 30px; color: rgb(39, 42, 48); font-family: \'Microsoft Yahei\'; font-style: normal; font-variant: normal; font-weight: normal; letter-spacing: normal; orphans: auto; text-align: justify; text-indent: 0px; text-transform: none; white-space: normal; widows: 1; word-spacing: 0px; -webkit-text-stroke-width: 0px; background-color: rgb(255, 255, 255);\"><img class=\"lazy\" src=\"http://img.ithome.com/newsuploadfiles/2016/1/20160121_163301_735.jpg\" alt=\"谷歌Google Play首进中国，它将如何更接地气？\" data-original=\"http://img.ithome.com/newsuploadfiles/2016/1/20160121_163301_735.jpg\" style=\"border: 0px; vertical-align: bottom; max-width: 728px; display: inline;\"></p><p style=\"margin: 0px; padding: 10px 0px; font-size: 1pc; line-height: 30px; color: rgb(39, 42, 48); font-family: \'Microsoft Yahei\'; font-style: normal; font-variant: normal; font-weight: normal; letter-spacing: normal; orphans: auto; text-align: justify; text-indent: 0px; text-transform: none; white-space: normal; widows: 1; word-spacing: 0px; -webkit-text-stroke-width: 0px; background-color: rgb(255, 255, 255);\">既然Google Play为了进中国，已经在本地化上开始下功夫，那我们也不妨预测下Google Play中国版的一些本地化改变，与国际版Google Play会有什么不同呢？</p><p style=\"margin: 0px; padding: 10px 0px; font-size: 1pc; line-height: 30px; color: rgb(39, 42, 48); font-family: \'Microsoft Yahei\'; font-style: normal; font-variant: normal; font-weight: normal; letter-spacing: normal; orphans: auto; text-align: justify; text-indent: 0px; text-transform: none; white-space: normal; widows: 1; word-spacing: 0px; -webkit-text-stroke-width: 0px; background-color: rgb(255, 255, 255);\"><strong style=\"font-weight: 700; font-style: normal;\">1.使用与国际版Google Play相独立的账号是一定的了</strong>。注册邮箱应该不会强制为Gmail，像QQ邮箱之类的个人邮箱也可以注册。</p><p style=\"margin: 0px; padding: 10px 0px; font-size: 1pc; line-height: 30px; color: rgb(39, 42, 48); font-family: \'Microsoft Yahei\'; font-style: normal; font-variant: normal; font-weight: normal; letter-spacing: normal; orphans: auto; text-align: justify; text-indent: 0px; text-transform: none; white-space: normal; widows: 1; word-spacing: 0px; -webkit-text-stroke-width: 0px; background-color: rgb(255, 255, 255);\"><strong style=\"font-weight: 700; font-style: normal;\">2.应用数量肯定不如国际版Google Play那么丰富，该屏蔽的软件还是会屏蔽，不会给你们留任何机会的</strong>。</p><p style=\"margin: 0px; padding: 10px 0px; font-size: 1pc; line-height: 30px; color: rgb(39, 42, 48); font-family: \'Microsoft Yahei\'; font-style: normal; font-variant: normal; font-weight: normal; letter-spacing: normal; orphans: auto; text-align: justify; text-indent: 0px; text-transform: none; white-space: normal; widows: 1; word-spacing: 0px; -webkit-text-stroke-width: 0px; background-color: rgb(255, 255, 255);\"><strong style=\"font-weight: 700; font-style: normal;\">3.谷歌可能做不到说服所有国产Android厂商都默认内置Google Play</strong>，毕竟他们早已发展自己的应用商店。中国版Google Play可能以app的形式在各大应用商店上架，但这是不是会形成竞争关系而遭到封杀就不好说了。至于国外的Android厂商，谷歌应该还是有点话语权的吧。</p><p style=\"margin: 0px; padding: 10px 0px; font-size: 1pc; line-height: 30px; color: rgb(39, 42, 48); font-family: \'Microsoft Yahei\'; font-style: normal; font-variant: normal; font-weight: normal; letter-spacing: normal; orphans: auto; text-align: justify; text-indent: 0px; text-transform: none; white-space: normal; widows: 1; word-spacing: 0px; -webkit-text-stroke-width: 0px; background-color: rgb(255, 255, 255);\"><strong style=\"font-weight: 700; font-style: normal;\">4.国际版Google Play能够根据用户的所在位置，自动切换语言和地区，但中国版Google Play应该不具备这样的功能</strong>吧，语言和地区都是默认中国大陆，应该也算是一个单独的app。所以有没有可能在一台手机上同时存在国际版Google Play与中国版Google Play呢？可能性应该还蛮大的吧。</p><p style=\"margin: 0px; padding: 10px 0px; font-size: 1pc; line-height: 30px; color: rgb(39, 42, 48); font-family: \'Microsoft Yahei\'; font-style: normal; font-variant: normal; font-weight: normal; letter-spacing: normal; orphans: auto; text-align: justify; text-indent: 0px; text-transform: none; white-space: normal; widows: 1; word-spacing: 0px; -webkit-text-stroke-width: 0px; background-color: rgb(255, 255, 255);\"><strong style=\"font-weight: 700; font-style: normal;\">5.国际版Google Play并不只是应用商店</strong>，它还兼职卖电影、卖电子书、卖音乐。当然，<strong style=\"font-weight: 700; font-style: normal;\">中国版Google Play想必只是一个纯粹的应用商店</strong>吧，至于后面谷歌会不会通过谈判的方式引入电影音乐的在线购买功能，也不是完全没有可能。</p><p style=\"margin: 0px; padding: 10px 0px; font-size: 1pc; line-height: 30px; color: rgb(39, 42, 48); font-family: \'Microsoft Yahei\'; font-style: normal; font-variant: normal; font-weight: normal; letter-spacing: normal; orphans: auto; text-align: justify; text-indent: 0px; text-transform: none; white-space: normal; widows: 1; word-spacing: 0px; -webkit-text-stroke-width: 0px; background-color: rgb(255, 255, 255);\"><strong style=\"font-weight: 700; font-style: normal;\">6.Google Play的最大优点在于，不会有盗版，也不有恶意的广告植入</strong>。虽然不能说完全没有恶意软件，但相信在英明的审核机制下中国版Google Play将会做到纯净无污染吧。</p><p style=\"margin: 0px; padding: 10px 0px; font-size: 1pc; line-height: 30px; color: rgb(39, 42, 48); font-family: \'Microsoft Yahei\'; font-style: normal; font-variant: normal; font-weight: normal; letter-spacing: normal; orphans: auto; text-align: justify; text-indent: 0px; text-transform: none; white-space: normal; widows: 1; word-spacing: 0px; -webkit-text-stroke-width: 0px; background-color: rgb(255, 255, 255);\"><strong style=\"font-weight: 700; font-style: normal;\">7.至于app的更新速度，能否与国际版Google Play同步？这是个未知数</strong>。同步与相差一段时间的可能性都有，毕竟是中国特别版。</p><p style=\"margin: 0px; padding: 10px 0px; font-size: 1pc; line-height: 30px; color: rgb(39, 42, 48); font-family: \'Microsoft Yahei\'; font-style: normal; font-variant: normal; font-weight: normal; letter-spacing: normal; orphans: auto; text-align: justify; text-indent: 0px; text-transform: none; white-space: normal; widows: 1; word-spacing: 0px; -webkit-text-stroke-width: 0px; background-color: rgb(255, 255, 255);\">有消息称，中国版Google Play最早可能会在3月正式进入中国。到那时，就可以和各大国内应用商店说拜拜了。Google Play一生推，从不用第三方应用商店。</p>','2016-01-21 18:54:14',1,'00',1,15,NULL,NULL,NULL,'http://sourceimg-10021396.image.myqcloud.com/680e05d2-6e8b-4dc0-9e9a-4731d3a8cf60'),(31,2,'最强寒潮来袭：祖先们如何在北方的寒夜里四季如春？','<p style=\"margin: 0px; padding: 10px 0px; font-size: 1pc; line-height: 30px; color: rgb(39, 42, 48); font-family: \'Microsoft Yahei\'; font-style: normal; font-variant: normal; font-weight: normal; letter-spacing: normal; orphans: auto; text-align: justify; text-indent: 0px; text-transform: none; white-space: normal; widows: 1; word-spacing: 0px; -webkit-text-stroke-width: 0px; background-color: rgb(255, 255, 255);\">昨日（1月20日）“大寒”节气的到来，一瞬间消弭了南北方的分歧，无分彼此，分分钟变“速冻粽子”下锅。中央气象台说南方七省将迎来大到暴雪，南方的小伙伴纷纷表示“妈妈再也不用担心我被嘲笑没见过雪了”。</p><p style=\"margin: 0px; padding: 10px 0px; font-size: 1pc; line-height: 30px; color: rgb(39, 42, 48); font-family: \'Microsoft Yahei\'; font-style: normal; font-variant: normal; font-weight: normal; letter-spacing: normal; orphans: auto; text-align: justify; text-indent: 0px; text-transform: none; white-space: normal; widows: 1; word-spacing: 0px; -webkit-text-stroke-width: 0px; background-color: rgb(255, 255, 255);\">这时，北方的小伙伴微微一笑，轻轻哼起，“你在南方的艳阳里，大雪纷飞/我在北方的寒夜里，四季如春”。到这终于明白了，敢情马頔这首《南山南》是在讴歌暖气啊，而且在不经意间还放了个群嘲技能。</p><p style=\"margin: 0px; padding: 10px 0px; font-size: 1pc; line-height: 30px; color: rgb(39, 42, 48); font-family: \'Microsoft Yahei\'; font-style: normal; font-variant: normal; font-weight: normal; letter-spacing: normal; orphans: auto; text-align: justify; text-indent: 0px; text-transform: none; white-space: normal; widows: 1; word-spacing: 0px; -webkit-text-stroke-width: 0px; background-color: rgb(255, 255, 255);\"><img src=\"http://img.ithome.com/newsuploadfiles/2016/1/20160121_151003_321.jpg\" alt=\"最强寒潮来袭：祖先们如何在北方的寒夜里四季如春？\" style=\"border: 0px; vertical-align: bottom; max-width: 728px;\"></p><p style=\"margin: 0px; padding: 10px 0px; font-size: 1pc; line-height: 30px; color: rgb(39, 42, 48); font-family: \'Microsoft Yahei\'; font-style: normal; font-variant: normal; font-weight: normal; letter-spacing: normal; orphans: auto; text-align: justify; text-indent: 0px; text-transform: none; white-space: normal; widows: 1; word-spacing: 0px; -webkit-text-stroke-width: 0px; background-color: rgb(255, 255, 255);\">但是马啪啪可能不知道，为了他能在寒夜里唱四季如春，古代人民可是同寒魔进行了长期艰苦卓绝的斗争，才发明出暖气这个伟大神器。</p><p style=\"margin: 0px; padding: 10px 0px; font-size: 1pc; line-height: 30px; color: rgb(39, 42, 48); font-family: \'Microsoft Yahei\'; font-style: normal; font-variant: normal; font-weight: normal; letter-spacing: normal; orphans: auto; text-align: justify; text-indent: 0px; text-transform: none; white-space: normal; widows: 1; word-spacing: 0px; -webkit-text-stroke-width: 0px; background-color: rgb(255, 255, 255);\"><strong style=\"font-weight: 700; font-style: normal;\">粗犷的火炕系列</strong></p><p style=\"margin: 0px; padding: 10px 0px; font-size: 1pc; line-height: 30px; color: rgb(39, 42, 48); font-family: \'Microsoft Yahei\'; font-style: normal; font-variant: normal; font-weight: normal; letter-spacing: normal; orphans: auto; text-align: justify; text-indent: 0px; text-transform: none; white-space: normal; widows: 1; word-spacing: 0px; -webkit-text-stroke-width: 0px; background-color: rgb(255, 255, 255);\"><img class=\"lazy\" src=\"http://img.ithome.com/newsuploadfiles/2016/1/20160121_151004_509.jpg\" alt=\"最强寒潮来袭：祖先们如何在北方的寒夜里四季如春？\" data-original=\"http://img.ithome.com/newsuploadfiles/2016/1/20160121_151004_509.jpg\" style=\"border: 0px; vertical-align: bottom; max-width: 728px; display: inline;\"></p><p style=\"margin: 0px; padding: 10px 0px; font-size: 1pc; line-height: 30px; color: rgb(39, 42, 48); font-family: \'Microsoft Yahei\'; font-style: normal; font-variant: normal; font-weight: normal; letter-spacing: normal; orphans: auto; text-align: justify; text-indent: 0px; text-transform: none; white-space: normal; widows: 1; word-spacing: 0px; -webkit-text-stroke-width: 0px; background-color: rgb(255, 255, 255);\">▲火塘文化。</p><p style=\"margin: 0px; padding: 10px 0px; font-size: 1pc; line-height: 30px; color: rgb(39, 42, 48); font-family: \'Microsoft Yahei\'; font-style: normal; font-variant: normal; font-weight: normal; letter-spacing: normal; orphans: auto; text-align: justify; text-indent: 0px; text-transform: none; white-space: normal; widows: 1; word-spacing: 0px; -webkit-text-stroke-width: 0px; background-color: rgb(255, 255, 255);\">火塘是比较原始的取暖方式，也就比围个火堆稍微好一点，在半坡、姜寨等遗址中就有。半坡人、姜寨人在房屋内用土铺成个一米见方的土块，上面垒起石头，用于架锅烧饭，晚上则可以烤火取暖。直到现在，在中国南方如普米族、纳西族、白族、傣族等少数民族中，仍然在使用火塘，因为在这些人群中，火塘已经超越单纯的工具意义，具有了家族关系和仪式的象征意义。</p><p style=\"margin: 0px; padding: 10px 0px; font-size: 1pc; line-height: 30px; color: rgb(39, 42, 48); font-family: \'Microsoft Yahei\'; font-style: normal; font-variant: normal; font-weight: normal; letter-spacing: normal; orphans: auto; text-align: justify; text-indent: 0px; text-transform: none; white-space: normal; widows: 1; word-spacing: 0px; -webkit-text-stroke-width: 0px; background-color: rgb(255, 255, 255);\"><img class=\"lazy\" src=\"http://img.ithome.com/newsuploadfiles/2016/1/20160121_151004_556.jpg\" alt=\"最强寒潮来袭：祖先们如何在北方的寒夜里四季如春？\" data-original=\"http://img.ithome.com/newsuploadfiles/2016/1/20160121_151004_556.jpg\" style=\"border: 0px; vertical-align: bottom; max-width: 728px; display: inline;\"></p><p style=\"margin: 0px; padding: 10px 0px; font-size: 1pc; line-height: 30px; color: rgb(39, 42, 48); font-family: \'Microsoft Yahei\'; font-style: normal; font-variant: normal; font-weight: normal; letter-spacing: normal; orphans: auto; text-align: justify; text-indent: 0px; text-transform: none; white-space: normal; widows: 1; word-spacing: 0px; -webkit-text-stroke-width: 0px; background-color: rgb(255, 255, 255);\"><strong style=\"font-weight: 700; font-style: normal;\">▲</strong>南方少数民族的火塘除了实用功能外，更兼有社会、文化和宗教等意涵。</p><p style=\"margin: 0px; padding: 10px 0px; font-size: 1pc; line-height: 30px; color: rgb(39, 42, 48); font-family: \'Microsoft Yahei\'; font-style: normal; font-variant: normal; font-weight: normal; letter-spacing: normal; orphans: auto; text-align: justify; text-indent: 0px; text-transform: none; white-space: normal; widows: 1; word-spacing: 0px; -webkit-text-stroke-width: 0px; background-color: rgb(255, 255, 255);\">火墙则比火塘要先进了许多。在秦长乐宫遗址发现的火墙是用两块筒瓦相扣，做成管道，包于墙内，与灶相通。明清更为彻底，干脆将房屋的墙壁砌成空心，墙下挖有火道，添火的炭口一般设于房外。为使热力循环通畅，火道的尽头设有气孔，烟气由台基下出气口排出。</p><p style=\"margin: 0px; padding: 10px 0px; font-size: 1pc; line-height: 30px; color: rgb(39, 42, 48); font-family: \'Microsoft Yahei\'; font-style: normal; font-variant: normal; font-weight: normal; letter-spacing: normal; orphans: auto; text-align: justify; text-indent: 0px; text-transform: none; white-space: normal; widows: 1; word-spacing: 0px; -webkit-text-stroke-width: 0px; background-color: rgb(255, 255, 255);\">火炕可以简单理解为将火墙横过来平置，尤其流行于北方少数民族。比如西汉苏武在匈奴牧羊19年，就是靠火炕熬过极北苦寒的。而在《三朝北盟会编》记载，女真人的居室必有火炕，甚至金太祖完颜阿骨打和部落首领议事都是在炕上。但火炕一般有两个灶，做饭的锅灶不与炕在同一房间，卧室内炕另有一个专为加热的灶，这种形制至今仍在东北农村广泛使用。</p><p style=\"margin: 0px; padding: 10px 0px; font-size: 1pc; line-height: 30px; color: rgb(39, 42, 48); font-family: \'Microsoft Yahei\'; font-style: normal; font-variant: normal; font-weight: normal; letter-spacing: normal; orphans: auto; text-align: justify; text-indent: 0px; text-transform: none; white-space: normal; widows: 1; word-spacing: 0px; -webkit-text-stroke-width: 0px; background-color: rgb(255, 255, 255);\"><strong style=\"font-weight: 700; font-style: normal;\">优雅的温调房</strong></p><p style=\"margin: 0px; padding: 10px 0px; font-size: 1pc; line-height: 30px; color: rgb(39, 42, 48); font-family: \'Microsoft Yahei\'; font-style: normal; font-variant: normal; font-weight: normal; letter-spacing: normal; orphans: auto; text-align: justify; text-indent: 0px; text-transform: none; white-space: normal; widows: 1; word-spacing: 0px; -webkit-text-stroke-width: 0px; background-color: rgb(255, 255, 255);\"><img class=\"lazy\" src=\"http://img.ithome.com/newsuploadfiles/2016/1/20160121_151004_695.jpg\" alt=\"最强寒潮来袭：祖先们如何在北方的寒夜里四季如春？\" data-original=\"http://img.ithome.com/newsuploadfiles/2016/1/20160121_151004_695.jpg\" style=\"border: 0px; vertical-align: bottom; max-width: 728px; display: inline;\"></p><p style=\"margin: 0px; padding: 10px 0px; font-size: 1pc; line-height: 30px; color: rgb(39, 42, 48); font-family: \'Microsoft Yahei\'; font-style: normal; font-variant: normal; font-weight: normal; letter-spacing: normal; orphans: auto; text-align: justify; text-indent: 0px; text-transform: none; white-space: normal; widows: 1; word-spacing: 0px; -webkit-text-stroke-width: 0px; background-color: rgb(255, 255, 255);\">▲土家族火塘。</p><p style=\"margin: 0px; padding: 10px 0px; font-size: 1pc; line-height: 30px; color: rgb(39, 42, 48); font-family: \'Microsoft Yahei\'; font-style: normal; font-variant: normal; font-weight: normal; letter-spacing: normal; orphans: auto; text-align: justify; text-indent: 0px; text-transform: none; white-space: normal; widows: 1; word-spacing: 0px; -webkit-text-stroke-width: 0px; background-color: rgb(255, 255, 255);\">西汉时期，火塘、火墙、火炕仍然是普通百姓的不二选择。但或许是因为气候整体变暖，更为优雅和低碳的“温调房”得以出现在贵胄人家。</p><p style=\"margin: 0px; padding: 10px 0px; font-size: 1pc; line-height: 30px; color: rgb(39, 42, 48); font-family: \'Microsoft Yahei\'; font-style: normal; font-variant: normal; font-weight: normal; letter-spacing: normal; orphans: auto; text-align: justify; text-indent: 0px; text-transform: none; white-space: normal; widows: 1; word-spacing: 0px; -webkit-text-stroke-width: 0px; background-color: rgb(255, 255, 255);\"><img class=\"lazy\" src=\"http://img.ithome.com/newsuploadfiles/2016/1/20160121_151004_859.jpg\" alt=\"最强寒潮来袭：祖先们如何在北方的寒夜里四季如春？\" data-original=\"http://img.ithome.com/newsuploadfiles/2016/1/20160121_151004_859.jpg\" style=\"border: 0px; vertical-align: bottom; max-width: 728px; display: inline;\"></p><p style=\"margin: 0px; padding: 10px 0px; font-size: 1pc; line-height: 30px; color: rgb(39, 42, 48); font-family: \'Microsoft Yahei\'; font-style: normal; font-variant: normal; font-weight: normal; letter-spacing: normal; orphans: auto; text-align: justify; text-indent: 0px; text-transform: none; white-space: normal; widows: 1; word-spacing: 0px; -webkit-text-stroke-width: 0px; background-color: rgb(255, 255, 255);\">▲花椒。</p><p style=\"margin: 0px; padding: 10px 0px; font-size: 1pc; line-height: 30px; color: rgb(39, 42, 48); font-family: \'Microsoft Yahei\'; font-style: normal; font-variant: normal; font-weight: normal; letter-spacing: normal; orphans: auto; text-align: justify; text-indent: 0px; text-transform: none; white-space: normal; widows: 1; word-spacing: 0px; -webkit-text-stroke-width: 0px; background-color: rgb(255, 255, 255);\">“温调房”关键材料是花椒，对，就是川菜必不可少那东西。当时人们就已经发现了它不仅食用可以除湿气，而且捣碎了和泥，涂在墙壁上同样可以释放其正能量，形成保温层。</p><p style=\"margin: 0px; padding: 10px 0px; font-size: 1pc; line-height: 30px; color: rgb(39, 42, 48); font-family: \'Microsoft Yahei\'; font-style: normal; font-variant: normal; font-weight: normal; letter-spacing: normal; orphans: auto; text-align: justify; text-indent: 0px; text-transform: none; white-space: normal; widows: 1; word-spacing: 0px; -webkit-text-stroke-width: 0px; background-color: rgb(255, 255, 255);\"><img class=\"lazy\" src=\"http://img.ithome.com/newsuploadfiles/2016/1/20160121_151005_125.png\" alt=\"最强寒潮来袭：祖先们如何在北方的寒夜里四季如春？\" data-original=\"http://img.ithome.com/newsuploadfiles/2016/1/20160121_151005_125.png\" style=\"border: 0px; vertical-align: bottom; max-width: 728px; display: inline;\"></p><p style=\"margin: 0px; padding: 10px 0px; font-size: 1pc; line-height: 30px; color: rgb(39, 42, 48); font-family: \'Microsoft Yahei\'; font-style: normal; font-variant: normal; font-weight: normal; letter-spacing: normal; orphans: auto; text-align: justify; text-indent: 0px; text-transform: none; white-space: normal; widows: 1; word-spacing: 0px; -webkit-text-stroke-width: 0px; background-color: rgb(255, 255, 255);\">▲西汉椒房殿复原图。</p><p style=\"margin: 0px; padding: 10px 0px; font-size: 1pc; line-height: 30px; color: rgb(39, 42, 48); font-family: \'Microsoft Yahei\'; font-style: normal; font-variant: normal; font-weight: normal; letter-spacing: normal; orphans: auto; text-align: justify; text-indent: 0px; text-transform: none; white-space: normal; widows: 1; word-spacing: 0px; -webkit-text-stroke-width: 0px; background-color: rgb(255, 255, 255);\">皇室的温调房则称为“温调殿”、“温室殿”、“温室”、“椒房殿”等。因为汉朝未央宫的椒房殿是皇后的居所，所以后来椒房也就成了后妃和后妃寝宫的代称。除了供人居住的温室外，汉代还有温室大棚，用于种植蔬菜。当时就有反季节蔬菜的说法，比如《盐铁论》里汉代富人吃的“冬葵”、“温韭”。</p><p style=\"margin: 0px; padding: 10px 0px; font-size: 1pc; line-height: 30px; color: rgb(39, 42, 48); font-family: \'Microsoft Yahei\'; font-style: normal; font-variant: normal; font-weight: normal; letter-spacing: normal; orphans: auto; text-align: justify; text-indent: 0px; text-transform: none; white-space: normal; widows: 1; word-spacing: 0px; -webkit-text-stroke-width: 0px; background-color: rgb(255, 255, 255);\"><strong style=\"font-weight: 700; font-style: normal;\">暖手宝人人爱</strong></p><p style=\"margin: 0px; padding: 10px 0px; font-size: 1pc; line-height: 30px; color: rgb(39, 42, 48); font-family: \'Microsoft Yahei\'; font-style: normal; font-variant: normal; font-weight: normal; letter-spacing: normal; orphans: auto; text-align: justify; text-indent: 0px; text-transform: none; white-space: normal; widows: 1; word-spacing: 0px; -webkit-text-stroke-width: 0px; background-color: rgb(255, 255, 255);\"><img class=\"lazy\" src=\"http://img.ithome.com/newsuploadfiles/2016/1/20160121_151005_234.jpg\" alt=\"最强寒潮来袭：祖先们如何在北方的寒夜里四季如春？\" data-original=\"http://img.ithome.com/newsuploadfiles/2016/1/20160121_151005_234.jpg\" style=\"border: 0px; vertical-align: bottom; max-width: 728px; display: inline;\"></p><p style=\"margin: 0px; padding: 10px 0px; font-size: 1pc; line-height: 30px; color: rgb(39, 42, 48); font-family: \'Microsoft Yahei\'; font-style: normal; font-variant: normal; font-weight: normal; letter-spacing: normal; orphans: auto; text-align: justify; text-indent: 0px; text-transform: none; white-space: normal; widows: 1; word-spacing: 0px; -webkit-text-stroke-width: 0px; background-color: rgb(255, 255, 255);\">▲火炕。</p><p style=\"margin: 0px; padding: 10px 0px; font-size: 1pc; line-height: 30px; color: rgb(39, 42, 48); font-family: \'Microsoft Yahei\'; font-style: normal; font-variant: normal; font-weight: normal; letter-spacing: normal; orphans: auto; text-align: justify; text-indent: 0px; text-transform: none; white-space: normal; widows: 1; word-spacing: 0px; -webkit-text-stroke-width: 0px; background-color: rgb(255, 255, 255);\">相比于火坑、温室等大型的供暖设备，方便小巧的熏炉、手炉、汤婆子等也是居家必备，尤其是对于手冷、脚冷星人来说。</p><p style=\"margin: 0px; padding: 10px 0px; font-size: 1pc; line-height: 30px; color: rgb(39, 42, 48); font-family: \'Microsoft Yahei\'; font-style: normal; font-variant: normal; font-weight: normal; letter-spacing: normal; orphans: auto; text-align: justify; text-indent: 0px; text-transform: none; white-space: normal; widows: 1; word-spacing: 0px; -webkit-text-stroke-width: 0px; background-color: rgb(255, 255, 255);\"><img class=\"lazy\" src=\"http://img.ithome.com/newsuploadfiles/2016/1/20160121_151005_330.jpg\" alt=\"最强寒潮来袭：祖先们如何在北方的寒夜里四季如春？\" data-original=\"http://img.ithome.com/newsuploadfiles/2016/1/20160121_151005_330.jpg\" style=\"border: 0px; vertical-align: bottom; max-width: 728px; display: inline;\"></p><p style=\"margin: 0px; padding: 10px 0px; font-size: 1pc; line-height: 30px; color: rgb(39, 42, 48); font-family: \'Microsoft Yahei\'; font-style: normal; font-variant: normal; font-weight: normal; letter-spacing: normal; orphans: auto; text-align: justify; text-indent: 0px; text-transform: none; white-space: normal; widows: 1; word-spacing: 0px; -webkit-text-stroke-width: 0px; background-color: rgb(255, 255, 255);\">▲沈阳故宫青宁宫西炕构造原理。</p><p style=\"margin: 0px; padding: 10px 0px; font-size: 1pc; line-height: 30px; color: rgb(39, 42, 48); font-family: \'Microsoft Yahei\'; font-style: normal; font-variant: normal; font-weight: normal; letter-spacing: normal; orphans: auto; text-align: justify; text-indent: 0px; text-transform: none; white-space: normal; widows: 1; word-spacing: 0px; -webkit-text-stroke-width: 0px; background-color: rgb(255, 255, 255);\">熏炉就是白居易诗“绿蚁新醅酒，红泥小火炉”中的“红炉”，又称“暖炉”，是用陶土或者铜铁制成的贮火暖具，亦可以用于熏香，如李清照的“瑞脑销金兽”。而安徽寿县朱家集楚王墓出土的环链铜方炉则还具备了烧烤的功能，类似于一般人家的火盆。</p><p style=\"margin: 0px; padding: 10px 0px; font-size: 1pc; line-height: 30px; color: rgb(39, 42, 48); font-family: \'Microsoft Yahei\'; font-style: normal; font-variant: normal; font-weight: normal; letter-spacing: normal; orphans: auto; text-align: justify; text-indent: 0px; text-transform: none; white-space: normal; widows: 1; word-spacing: 0px; -webkit-text-stroke-width: 0px; background-color: rgb(255, 255, 255);\"><img class=\"lazy\" src=\"http://img.ithome.com/newsuploadfiles/2016/1/20160121_151005_389.jpg\" alt=\"最强寒潮来袭：祖先们如何在北方的寒夜里四季如春？\" data-original=\"http://img.ithome.com/newsuploadfiles/2016/1/20160121_151005_389.jpg\" style=\"border: 0px; vertical-align: bottom; max-width: 728px; display: inline;\"></p><p style=\"margin: 0px; padding: 10px 0px; font-size: 1pc; line-height: 30px; color: rgb(39, 42, 48); font-family: \'Microsoft Yahei\'; font-style: normal; font-variant: normal; font-weight: normal; letter-spacing: normal; orphans: auto; text-align: justify; text-indent: 0px; text-transform: none; white-space: normal; widows: 1; word-spacing: 0px; -webkit-text-stroke-width: 0px; background-color: rgb(255, 255, 255);\">▲西晋青釉镂空三兽足熏炉。</p><p style=\"margin: 0px; padding: 10px 0px; font-size: 1pc; line-height: 30px; color: rgb(39, 42, 48); font-family: \'Microsoft Yahei\'; font-style: normal; font-variant: normal; font-weight: normal; letter-spacing: normal; orphans: auto; text-align: justify; text-indent: 0px; text-transform: none; white-space: normal; widows: 1; word-spacing: 0px; -webkit-text-stroke-width: 0px; background-color: rgb(255, 255, 255);\"><img class=\"lazy\" src=\"http://img.ithome.com/newsuploadfiles/2016/1/20160121_151005_442.jpg\" alt=\"最强寒潮来袭：祖先们如何在北方的寒夜里四季如春？\" data-original=\"http://img.ithome.com/newsuploadfiles/2016/1/20160121_151005_442.jpg\" style=\"border: 0px; vertical-align: bottom; max-width: 728px; display: inline;\"></p><p style=\"margin: 0px; padding: 10px 0px; font-size: 1pc; line-height: 30px; color: rgb(39, 42, 48); font-family: \'Microsoft Yahei\'; font-style: normal; font-variant: normal; font-weight: normal; letter-spacing: normal; orphans: auto; text-align: justify; text-indent: 0px; text-transform: none; white-space: normal; widows: 1; word-spacing: 0px; -webkit-text-stroke-width: 0px; background-color: rgb(255, 255, 255);\">▲唐代被中香炉。</p><p style=\"margin: 0px; padding: 10px 0px; font-size: 1pc; line-height: 30px; color: rgb(39, 42, 48); font-family: \'Microsoft Yahei\'; font-style: normal; font-variant: normal; font-weight: normal; letter-spacing: normal; orphans: auto; text-align: justify; text-indent: 0px; text-transform: none; white-space: normal; widows: 1; word-spacing: 0px; -webkit-text-stroke-width: 0px; background-color: rgb(255, 255, 255);\">还有一种球形的被中香炉，被设计成不论如何滚转，内部的炉口总是保持向上，因此可以睡觉时放在被中，而不必担心被烫伤。手炉则可以看成是熏炉的微缩版，炉外加罩，可以放在袖子里暖手。汤婆子是足炉的俗称，用锡或铜制成，内装热水，黄庭坚对此特别钟爱，“千钱买脚婆，夜夜睡天明”，显然是个脚冷星人。这三种可以直接接触皮肤，放在被子中的神器，无疑就是今日暖手宝、热水袋的鼻祖。</p><p style=\"margin: 0px; padding: 10px 0px; font-size: 1pc; line-height: 30px; color: rgb(39, 42, 48); font-family: \'Microsoft Yahei\'; font-style: normal; font-variant: normal; font-weight: normal; letter-spacing: normal; orphans: auto; text-align: justify; text-indent: 0px; text-transform: none; white-space: normal; widows: 1; word-spacing: 0px; -webkit-text-stroke-width: 0px; background-color: rgb(255, 255, 255);\"><img class=\"lazy\" src=\"http://img.ithome.com/newsuploadfiles/2016/1/20160121_151005_642.jpg\" alt=\"最强寒潮来袭：祖先们如何在北方的寒夜里四季如春？\" data-original=\"http://img.ithome.com/newsuploadfiles/2016/1/20160121_151005_642.jpg\" style=\"border: 0px; vertical-align: bottom; max-width: 728px; display: inline;\"></p><p style=\"margin: 0px; padding: 10px 0px; font-size: 1pc; line-height: 30px; color: rgb(39, 42, 48); font-family: \'Microsoft Yahei\'; font-style: normal; font-variant: normal; font-weight: normal; letter-spacing: normal; orphans: auto; text-align: justify; text-indent: 0px; text-transform: none; white-space: normal; widows: 1; word-spacing: 0px; -webkit-text-stroke-width: 0px; background-color: rgb(255, 255, 255);\">▲明代脚炉。</p><p style=\"margin: 0px; padding: 10px 0px; font-size: 1pc; line-height: 30px; color: rgb(39, 42, 48); font-family: \'Microsoft Yahei\'; font-style: normal; font-variant: normal; font-weight: normal; letter-spacing: normal; orphans: auto; text-align: justify; text-indent: 0px; text-transform: none; white-space: normal; widows: 1; word-spacing: 0px; -webkit-text-stroke-width: 0px; background-color: rgb(255, 255, 255);\"><img class=\"lazy\" src=\"http://img.ithome.com/newsuploadfiles/2016/1/20160121_151005_694.jpg\" alt=\"最强寒潮来袭：祖先们如何在北方的寒夜里四季如春？\" data-original=\"http://img.ithome.com/newsuploadfiles/2016/1/20160121_151005_694.jpg\" style=\"border: 0px; vertical-align: bottom; max-width: 728px; display: inline;\"></p><p style=\"margin: 0px; padding: 10px 0px; font-size: 1pc; line-height: 30px; color: rgb(39, 42, 48); font-family: \'Microsoft Yahei\'; font-style: normal; font-variant: normal; font-weight: normal; letter-spacing: normal; orphans: auto; text-align: justify; text-indent: 0px; text-transform: none; white-space: normal; widows: 1; word-spacing: 0px; -webkit-text-stroke-width: 0px; background-color: rgb(255, 255, 255);\">▲汤婆子。</p><p style=\"margin: 0px; padding: 10px 0px; font-size: 1pc; line-height: 30px; color: rgb(39, 42, 48); font-family: \'Microsoft Yahei\'; font-style: normal; font-variant: normal; font-weight: normal; letter-spacing: normal; orphans: auto; text-align: justify; text-indent: 0px; text-transform: none; white-space: normal; widows: 1; word-spacing: 0px; -webkit-text-stroke-width: 0px; background-color: rgb(255, 255, 255);\"><img class=\"lazy\" src=\"http://img.ithome.com/newsuploadfiles/2016/1/20160121_151030_459.jpg\" alt=\"最强寒潮来袭：祖先们如何在北方的寒夜里四季如春？\" data-original=\"http://img.ithome.com/newsuploadfiles/2016/1/20160121_151030_459.jpg\" style=\"border: 0px; vertical-align: bottom; max-width: 728px; display: inline;\"></p><p style=\"margin: 0px; padding: 10px 0px; font-size: 1pc; line-height: 30px; color: rgb(39, 42, 48); font-family: \'Microsoft Yahei\'; font-style: normal; font-variant: normal; font-weight: normal; letter-spacing: normal; orphans: auto; text-align: justify; text-indent: 0px; text-transform: none; white-space: normal; widows: 1; word-spacing: 0px; -webkit-text-stroke-width: 0px; background-color: rgb(255, 255, 255);\">▲手炉。</p><p style=\"margin: 0px; padding: 10px 0px; font-size: 1pc; line-height: 30px; color: rgb(39, 42, 48); font-family: \'Microsoft Yahei\'; font-style: normal; font-variant: normal; font-weight: normal; letter-spacing: normal; orphans: auto; text-align: justify; text-indent: 0px; text-transform: none; white-space: normal; widows: 1; word-spacing: 0px; -webkit-text-stroke-width: 0px; background-color: rgb(255, 255, 255);\">正是有了这些大大小小的暖器，古人在极寒的天气里也可以四季如春。尽管如春的多是朱门，但是梁启超将暖气系列排除在“四大发明”之外，还是多少让我有些遗憾。后来发现，原来梁任公是广东人，他给自己的书斋起名叫饮冰室，又号饮冰子。</p>','2016-01-21 18:55:33',1,'00',1,1,NULL,NULL,NULL,'http://sourceimg-10021396.image.myqcloud.com/680e05d2-6e8b-4dc0-9e9a-4731d3a8cf60'),(32,2,'Siri惹祸：苹果被起诉专利侵权','<p style=\"margin: 0px; padding: 10px 0px; font-size: 1pc; line-height: 30px; color: rgb(39, 42, 48); font-family: \'Microsoft Yahei\'; font-style: normal; font-variant: normal; font-weight: normal; letter-spacing: normal; orphans: auto; text-align: justify; text-indent: 0px; text-transform: none; white-space: normal; widows: 1; word-spacing: 0px; -webkit-text-stroke-width: 0px; background-color: rgb(255, 255, 255);\">北京时间1月21日消息，据科技博客AppleInsider报道，美国德克萨斯州专利授权公司Dot 23 Technologies将苹果告上法庭，指控<a class=\"s_tag\" href=\"http://iphone.ithome.com/\" target=\"_blank\" style=\"outline: 0px; color: rgb(39, 42, 48); text-decoration: none; -webkit-tap-highlight-color: rgba(255, 255, 255, 0); cursor: text;\">iPhone</a>语音助手Siri的语音拨号和地理定位功能侵犯其三项专利权。Dot 23周三向德州东区地方法院提交了诉讼，指控苹果侵犯其三项专利权，这些专利涵盖了与Siri相关的多项智能机语音识别功能。</p><p style=\"margin: 0px; padding: 10px 0px; font-size: 1pc; line-height: 30px; color: rgb(39, 42, 48); font-family: \'Microsoft Yahei\'; font-style: normal; font-variant: normal; font-weight: normal; letter-spacing: normal; orphans: auto; text-align: justify; text-indent: 0px; text-transform: none; white-space: normal; widows: 1; word-spacing: 0px; -webkit-text-stroke-width: 0px; background-color: rgb(255, 255, 255);\">苹果在2011年发布iPhone&nbsp;4s时一同推出了Siri语音助手。</p><p style=\"margin: 0px; padding: 10px 0px; font-size: 1pc; line-height: 30px; color: rgb(39, 42, 48); font-family: \'Microsoft Yahei\'; font-style: normal; font-variant: normal; font-weight: normal; letter-spacing: normal; orphans: auto; text-align: justify; text-indent: 0px; text-transform: none; white-space: normal; widows: 1; word-spacing: 0px; -webkit-text-stroke-width: 0px; background-color: rgb(255, 255, 255);\"><img src=\"http://img.ithome.com/newsuploadfiles/2016/1/20160121_173656_550.jpg\" alt=\"Siri惹祸：苹果被起诉专利侵权\" style=\"border: 0px; vertical-align: bottom; max-width: 728px;\"></p><p style=\"margin: 0px; padding: 10px 0px; font-size: 1pc; line-height: 30px; color: rgb(39, 42, 48); font-family: \'Microsoft Yahei\'; font-style: normal; font-variant: normal; font-weight: normal; letter-spacing: normal; orphans: auto; text-align: justify; text-indent: 0px; text-transform: none; white-space: normal; widows: 1; word-spacing: 0px; -webkit-text-stroke-width: 0px; background-color: rgb(255, 255, 255);\">具体来说，这三项专利的专利号分别是6,917,802、7,245,903以及6,405,029，在2002年至2007年期间授予同一发明人布亚德·尼尔森(Byard G. Nilsson)。这三项专利全部被分配给了与尼尔森关联的有限责任公司Mobile Telephone Technology，去年9月被转让给了Dot 23。</p><p style=\"margin: 0px; padding: 10px 0px; font-size: 1pc; line-height: 30px; color: rgb(39, 42, 48); font-family: \'Microsoft Yahei\'; font-style: normal; font-variant: normal; font-weight: normal; letter-spacing: normal; orphans: auto; text-align: justify; text-indent: 0px; text-transform: none; white-space: normal; widows: 1; word-spacing: 0px; -webkit-text-stroke-width: 0px; background-color: rgb(255, 255, 255);\">“802”号和“029”号专利描述的都是通过中介程序执行基本语音拨号功能，该程序可以识别和处理口语字母数字式字符。目前，iPhone用户能够要求Siri逐个数字拨打电话号码，例如“拨打216-555-1234”。“093”号专利略有不同，它是根据要求基于地理位置相关的数据提供信息服务。例如，“加州北部哪里有中餐馆”。</p><p style=\"margin: 0px; padding: 10px 0px; font-size: 1pc; line-height: 30px; color: rgb(39, 42, 48); font-family: \'Microsoft Yahei\'; font-style: normal; font-variant: normal; font-weight: normal; letter-spacing: normal; orphans: auto; text-align: justify; text-indent: 0px; text-transform: none; white-space: normal; widows: 1; word-spacing: 0px; -webkit-text-stroke-width: 0px; background-color: rgb(255, 255, 255);\">除了Siri，Dot 23还将苹果iPhone 4、iPhone 5以及<a class=\"s_tag\" href=\"http://iphone.ithome.com/\" target=\"_blank\" style=\"outline: 0px; color: rgb(39, 42, 48); text-decoration: none; -webkit-tap-highlight-color: rgba(255, 255, 255, 0); cursor: text;\">iPhone6</a>系列机型列为了侵权产品。Dot 23要求苹果作出赔偿。</p>','2016-01-21 18:56:35',1,'00',1,4,NULL,NULL,NULL,'http://sourceimg-10021396.image.myqcloud.com/680e05d2-6e8b-4dc0-9e9a-4731d3a8cf60'),(33,2,'很长很长的活动很长很长的活动很长很长的活动很长很长的活动很长很长的活动很长很长的活动很长很长的活动很长很长的活动','很长很长的活动很长很长的活动很长很长的活动很长很长的活动很长很长的活动很长很长的活动很长很长的活动<br><!-- 编辑区域 -->\n		    ','2016-01-22 12:12:55',1,'00',0,4,NULL,NULL,NULL,'http://sourceimg-10021396.image.myqcloud.com/680e05d2-6e8b-4dc0-9e9a-4731d3a8cf60'),(34,1,'很长很长的公告很长很长的公告很长很长的公告很长很长的公告很长很长的公告很长很长的公告很长很长的公告','很长很长的公告很长很长的公告很长很长的公告很长很长的公告很长很长的公告很长很长的公告很长很长的公告','2016-01-22 12:13:45',1,'00',1,5,NULL,NULL,NULL,'http://sourceimg-10021396.image.myqcloud.com/680e05d2-6e8b-4dc0-9e9a-4731d3a8cf60'),(35,2,'Tokenfield for Bootstrap','\n		    	<!-- 编辑区域 -->\n		    <pre style=\"box-sizing: border-box; font-family: Monaco, Menlo, Consolas, \'Courier New\', monospace; font-size: 13px; white-space: nowrap; display: block; padding: 0px; margin: 0px; line-height: 1.42857; color: rgb(51, 51, 51); word-break: break-all; word-wrap: break-word; border: 0px; border-radius: 4px; font-style: normal; font-variant: normal; font-weight: normal; letter-spacing: normal; orphans: auto; text-align: start; text-indent: 0px; text-transform: none; widows: 1; word-spacing: 0px; -webkit-text-stroke-width: 0px; background-color: transparent;\"><code class=\"language-js\" data-lang=\"js\" style=\"box-sizing: border-box; font-family: Monaco, Menlo, Consolas, \'Courier New\', monospace; font-size: inherit; padding: 0px; color: rgb(51, 51, 51); white-space: pre-wrap; border-radius: 4px; border: 0px; background-color: transparent;\"><span class=\"kd\" style=\"box-sizing: border-box; color: rgb(0, 102, 153);\">var</span> <span class=\"nx\" style=\"box-sizing: border-box;\">engine</span> <span class=\"o\" style=\"box-sizing: border-box; color: rgb(85, 85, 85);\">=</span> <span class=\"k\" style=\"box-sizing: border-box; color: rgb(0, 102, 153);\">new</span> <span class=\"nx\" style=\"box-sizing: border-box;\">Bloodhound</span><span class=\"p\" style=\"box-sizing: border-box;\">({</span>\n  <span class=\"nx\" style=\"box-sizing: border-box;\">local</span><span class=\"o\" style=\"box-sizing: border-box; color: rgb(85, 85, 85);\">:</span> <span class=\"p\" style=\"box-sizing: border-box;\">[{</span><span class=\"nx\" style=\"box-sizing: border-box;\">value</span><span class=\"o\" style=\"box-sizing: border-box; color: rgb(85, 85, 85);\">:</span> <span class=\"s1\" style=\"box-sizing: border-box; color: rgb(204, 51, 0);\">\'red\'</span><span class=\"p\" style=\"box-sizing: border-box;\">},</span> <span class=\"p\" style=\"box-sizing: border-box;\">{</span><span class=\"nx\" style=\"box-sizing: border-box;\">value</span><span class=\"o\" style=\"box-sizing: border-box; color: rgb(85, 85, 85);\">:</span> <span class=\"s1\" style=\"box-sizing: border-box; color: rgb(204, 51, 0);\">\'blue\'</span><span class=\"p\" style=\"box-sizing: border-box;\">},</span> <span class=\"p\" style=\"box-sizing: border-box;\">{</span><span class=\"nx\" style=\"box-sizing: border-box;\">value</span><span class=\"o\" style=\"box-sizing: border-box; color: rgb(85, 85, 85);\">:</span> <span class=\"s1\" style=\"box-sizing: border-box; color: rgb(204, 51, 0);\">\'green\'</span><span class=\"p\" style=\"box-sizing: border-box;\">}</span> <span class=\"p\" style=\"box-sizing: border-box;\">,</span> <span class=\"p\" style=\"box-sizing: border-box;\">{</span><span class=\"nx\" style=\"box-sizing: border-box;\">value</span><span class=\"o\" style=\"box-sizing: border-box; color: rgb(85, 85, 85);\">:</span> <span class=\"s1\" style=\"box-sizing: border-box; color: rgb(204, 51, 0);\">\'yellow\'</span><span class=\"p\" style=\"box-sizing: border-box;\">},</span> <span class=\"p\" style=\"box-sizing: border-box;\">{</span><span class=\"nx\" style=\"box-sizing: border-box;\">value</span><span class=\"o\" style=\"box-sizing: border-box; color: rgb(85, 85, 85);\">:</span> <span class=\"s1\" style=\"box-sizing: border-box; color: rgb(204, 51, 0);\">\'violet\'</span><span class=\"p\" style=\"box-sizing: border-box;\">},</span> <span class=\"p\" style=\"box-sizing: border-box;\">{</span><span class=\"nx\" style=\"box-sizing: border-box;\">value</span><span class=\"o\" style=\"box-sizing: border-box; color: rgb(85, 85, 85);\">:</span> <span class=\"s1\" style=\"box-sizing: border-box; color: rgb(204, 51, 0);\">\'brown\'</span><span class=\"p\" style=\"box-sizing: border-box;\">},</span> <span class=\"p\" style=\"box-sizing: border-box;\">{</span><span class=\"nx\" style=\"box-sizing: border-box;\">value</span><span class=\"o\" style=\"box-sizing: border-box; color: rgb(85, 85, 85);\">:</span> <span class=\"s1\" style=\"box-sizing: border-box; color: rgb(204, 51, 0);\">\'purple\'</span><span class=\"p\" style=\"box-sizing: border-box;\">},</span> <span class=\"p\" style=\"box-sizing: border-box;\">{</span><span class=\"nx\" style=\"box-sizing: border-box;\">value</span><span class=\"o\" style=\"box-sizing: border-box; color: rgb(85, 85, 85);\">:</span> <span class=\"s1\" style=\"box-sizing: border-box; color: rgb(204, 51, 0);\">\'black\'</span><span class=\"p\" style=\"box-sizing: border-box;\">},</span> <span class=\"p\" style=\"box-sizing: border-box;\">{</span><span class=\"nx\" style=\"box-sizing: border-box;\">value</span><span class=\"o\" style=\"box-sizing: border-box; color: rgb(85, 85, 85);\">:</span> <span class=\"s1\" style=\"box-sizing: border-box; color: rgb(204, 51, 0);\">\'white\'</span><span class=\"p\" style=\"box-sizing: border-box;\">}],</span>\n  <span class=\"nx\" style=\"box-sizing: border-box;\">datumTokenizer</span><span class=\"o\" style=\"box-sizing: border-box; color: rgb(85, 85, 85);\">:</span> <span class=\"kd\" style=\"box-sizing: border-box; color: rgb(0, 102, 153);\">function</span><span class=\"p\" style=\"box-sizing: border-box;\">(</span><span class=\"nx\" style=\"box-sizing: border-box;\">d</span><span class=\"p\" style=\"box-sizing: border-box;\">)</span> <span class=\"p\" style=\"box-sizing: border-box;\">{</span>\n    <span class=\"k\" style=\"box-sizing: border-box; color: rgb(0, 102, 153);\">return</span> <span class=\"nx\" style=\"box-sizing: border-box;\">Bloodhound</span><span class=\"p\" style=\"box-sizing: border-box;\">.</span><span class=\"nx\" style=\"box-sizing: border-box;\">tokenizers</span><span class=\"p\" style=\"box-sizing: border-box;\">.</span><span class=\"nx\" style=\"box-sizing: border-box;\">whitespace</span><span class=\"p\" style=\"box-sizing: border-box;\">(</span><span class=\"nx\" style=\"box-sizing: border-box;\">d</span><span class=\"p\" style=\"box-sizing: border-box;\">.</span><span class=\"nx\" style=\"box-sizing: border-box;\">value</span><span class=\"p\" style=\"box-sizing: border-box;\">);</span>\n  <span class=\"p\" style=\"box-sizing: border-box;\">},</span>\n  <span class=\"nx\" style=\"box-sizing: border-box;\">queryTokenizer</span><span class=\"o\" style=\"box-sizing: border-box; color: rgb(85, 85, 85);\">:</span> <span class=\"nx\" style=\"box-sizing: border-box;\">Bloodhound</span><span class=\"p\" style=\"box-sizing: border-box;\">.</span><span class=\"nx\" style=\"box-sizing: border-box;\">tokenizers</span><span class=\"p\" style=\"box-sizing: border-box;\">.</span><span class=\"nx\" style=\"box-sizing: border-box;\">whitespace</span>\n<span class=\"p\" style=\"box-sizing: border-box;\">});</span>\n\n<span class=\"nx\" style=\"box-sizing: border-box;\">engine</span><span class=\"p\" style=\"box-sizing: border-box;\">.</span><span class=\"nx\" style=\"box-sizing: border-box;\">initialize</span><span class=\"p\" style=\"box-sizing: border-box;\">();</span>\n\n<span class=\"nx\" style=\"box-sizing: border-box;\">$</span><span class=\"p\" style=\"box-sizing: border-box;\">(</span><span class=\"s1\" style=\"box-sizing: border-box; color: rgb(204, 51, 0);\">\'#tokenfield-typeahead\'</span><span class=\"p\" style=\"box-sizing: border-box;\">).</span><span class=\"nx\" style=\"box-sizing: border-box;\">tokenfield</span><span class=\"p\" style=\"box-sizing: border-box;\">({</span>\n  <span class=\"nx\" style=\"box-sizing: border-box;\">typeahead</span><span class=\"o\" style=\"box-sizing: border-box; color: rgb(85, 85, 85);\">:</span> <span class=\"p\" style=\"box-sizing: border-box;\">[</span><span class=\"kc\" style=\"box-sizing: border-box; color: rgb(0, 102, 153);\">null</span><span class=\"p\" style=\"box-sizing: border-box;\">,</span> <span class=\"p\" style=\"box-sizing: border-box;\">{</span> <span class=\"nx\" style=\"box-sizing: border-box;\">source</span><span class=\"o\" style=\"box-sizing: border-box; color: rgb(85, 85, 85);\">:</span> <span class=\"nx\" style=\"box-sizing: border-box;\">engine</span><span class=\"p\" style=\"box-sizing: border-box;\">.</span><span class=\"nx\" style=\"box-sizing: border-box;\">ttAdapter</span><span class=\"p\" style=\"box-sizing: border-box;\">()</span> <span class=\"p\" style=\"box-sizing: border-box;\">}]</span>\n<span class=\"p\" style=\"box-sizing: border-box;\">});</span></code></pre>\n		    	<!-- 编辑区域 -->\n		    ','2016-03-02 14:51:43',1,'00',1,83,'Tokenfield,Bootstrap','','','http://sourceimg-10021396.image.myqcloud.com/5ee346b7-4b3a-4661-9163-fa44f6d18438'),(49,2,'强行推广Win10，微软置用户利益于何处？','\n		    	<!-- 编辑区域 -->\n		    <p>日前，微软在其官方博客宣布：“未来，随着新一代芯片技术的到来，只有最新Windows平台才能提供支持。对于英特尔‘Kaby&nbsp;Lake’芯片，高通‘8996’芯片，以及AMD‘Bristol&nbsp;Ridge’芯片，<a class=\"s_tag\" href=\"http://win10.ithome.com/\" target=\"_blank\">Windows10</a>将是唯一支持的平台。”</p><p><img src=\"http://img.ithome.com/newsuploadfiles/2016/1/20160123_184651_592.jpg\" alt=\"强行推广Win10，微软置用户利益于何处？\"></p><p>这\n一新政的出台在圈内引起了不少讨论。很多人认为：微软新政将导致用户不能得到最佳的Windows10体验，微软这一举措是为了自身的利益而并没有顾及用\n户利益，而Windows10新政与其刚发布之初让用户升级时提出的硬件标准大相径庭，微软此举甚至有诱导、欺骗用户的成分。但事实真是如此吗？纵观这些\n质疑，我发现他们走入了三个误区。其一是：错误理解微软新政；其二是：将大样本容量下极小概率的软件升级Bug扩展为整体用户体验不佳；其三是：将“可供\n升级的最低配置标准与能够带来最佳体验的硬件标准”混为一谈，偷换概念。</p><p><strong>一、Windows新政是个什么鬼？</strong></p><p>微软新政中表示：”随着新一代芯片技术的到来，只有最新Windows平台才能提供支持“。然而这一新政究竟是个什么鬼？其实所谓微软新政，其核心根本和已经升级至Windows10但是搭载的是老硬件的用户没有关系，有关系的只是拥有新CPU但仍旧停留在诸如<a class=\"s_tag\" href=\"http://www.win7china.com/\" target=\"_blank\">Windows7</a>、<a class=\"s_tag\" href=\"http://www.win8china.com/\" target=\"_blank\">Windows8</a>/8.1这些老系统上的用户。</p><p><strong>此次新政意味着这微软在此后不会为诸如Windows7/8/8.1这些老系统开发对新CPU的支持，也就意味着这些老系统将无法获得最佳的技术支持和使用体验。</strong></p><p>而在此我们也可以看出，微软在Windows10上对使用老硬件的PC用户体验并没有弃之不顾，微软并不是在增加Windows10的硬件需求。微软这一新政的目的在于推广Windows&nbsp;10。</p><p>并\n且微软官方表示，新CPU在新系统上表现更佳。例如在英特尔目前已经发布的第六代酷睿处理器Skylake上，运行Windows&nbsp;10的设备可以提供比\nWindows&nbsp;7的设备强30倍的图形性能以及最多3倍的电池续航时间。但在此性能差距下，试问又有多少拥有新CPU的用户还一心愿意使用老系统？</p><p><strong>二、在旧PC上，Windows10的体验究竟如何？</strong></p><p>众\n所周知，微软在Windows&nbsp;10上综合了Windows&nbsp;7和Windows&nbsp;8的诸多优点，修正了许多失误，让用户所熟悉的开始菜单回归。并且带来\n了用户所期待的新功能与创新特性。例如加入Cortana智能助理、Edge&nbsp;浏览器、Xbox&nbsp;和游戏串联、多任务管理、Windows&nbsp;Hello生\n物识别技术、Continuum&nbsp;模式和跨终端的Windows&nbsp;Store以及内置诸如Outlook邮件天气等应用。种种革新改进让微软宣称\nWindows&nbsp;10是有史以来最好的Windows操作系统。</p><p>但是很多质疑者却犯下了我所言的二类错误：<strong>将大样本容量下极小概率的软件升级Bug扩展为整体用户体验不佳</strong>。并列举诸如此前有“通过升级Windows10之后曾经导致数千台PC无法正常运行，为此有用户欲集体起诉微软”的新闻报道已为佐证。</p><p>但\n在数以亿计的PC中，千台PC的无法正常运行只能算作是极为小量的概率事件。这里并不是说着千台PC的用户体验不重要，而是在大样本容量下出现细微瑕疵是\n不可避免的，并且微软也在一直提供系统更新，修复用户在使用中遇到的各项问题。若仅以此极小概率事件就来质疑Windows&nbsp;10的用户体验不佳，个人认\n为是站不住脚的。</p><p>而Windows10的用户体验究竟如何？市场其实早已经给出了答案。<strong>Windows10当前市场份额已经达到了13.41%，在成为全球第二大操作系统的同时也创造了Windows系统额最快普及率的记录。</strong>虽\n然免费升级功不可没，但是更大的原因个人认为还是微软在Windows&nbsp;10上带来了用户体验的实际提升。在当前消费者、媒体机构等雪亮的眼睛下，若真是\n用户体验不佳，旧PC硬件不能支持Windows10良好运行，那么数亿用户的普及率是绝对不能在这短短的几个月内就能达到的。</p><p>而来自市场\n调研公司的用户满意度调查，则更用户对Windows&nbsp;10系统满意度颇高的有力佐证。权威研究公司IDC在美国进行的一项新的调查发现，不低于30%的\n美国Windows&nbsp;PC家庭用户已经升级到Windows&nbsp;10，而事实证明，那些已经安装了Windows&nbsp;10操作系统的用户确实喜欢这款产品并会\n很乐意将它推荐给别人。其中，60%的Windows&nbsp;10的用户声称高兴使用Windows&nbsp;10，或者很高兴使用Windows&nbsp;10。只有10%的\n用户对Windows&nbsp;10感到不满意，或者非常不满意。</p><p>而来自另一市场研究公司Brand&nbsp;Watch基于社交媒体用户们对&nbsp;Windows&nbsp;10&nbsp;的线上讨论的调查显示，目前有&nbsp;92%&nbsp;的用户相当喜爱&nbsp;Windows&nbsp;10。由此可鉴，用户对于Windows&nbsp;这一新系统的用户满意度其实是颇高的。</p><p><strong>三、正确区分可供升级的最低硬件标准与能获得最佳用户体验的硬件标准</strong></p><p>由于多数人对微软新政的误解，导致这样的理论出现了：微软发布的Windows10新政与其刚发布之初让用户升级时提出的硬件标准大相径庭，而如此巨大的Wintel组合的差距，带来的是用户体验差距的鸿沟，这是舍本逐末、不顾用户体验之举。</p><p>但个人认为：以Win10只有在采用了英特尔、AMD、高通的最新处理器的情况下才能获得最佳的用户体验和服务支持来给微软扣一顶”置用户利益于不顾“的帽子也是站不住脚的。<strong>若以此谈微软”置用户利益于不顾“其实是将”可供升级的最低硬件标准与能获得最佳用户体验的硬件标准“混为一谈，实为偷换概念之举。</strong></p><p>按照质疑逻辑，我个人的理解是：要求老旧硬件在新系统中也需要获得最佳用户体验。但是这一点无论是从业界共识还是从理性思维来说都是一个不可能完成的任务。正确的姿势应当是新系统和新硬件的的软硬结合带来最佳的用户体验。</p><p>而\n这一点无论是在微软Windows这一桌面操作系统还是以苹果iOS和谷歌Android为代表的移动操作系统中，均是如此。要求搭载旧硬件的产品在新系\n统中获得最佳用户体验，不仅微软不行、苹果、谷歌也不行。而将这样的要求强加给微软个人认为并不合适，这样的要求无疑是强人所难。</p><p>以当前备\n受推崇的苹果来说，其每一代的iOS系统都可以推送给前面几代的iPhone使用。以iOS9为例，他既可以运行在最新的iPhone6S身上，亦可以运\n行在老旧的iPhone4S身上。但是很明显在iPhone4S上你无法拥有在6S上的那种行云流水的操作体验，更多的时候是卡顿相伴，你也无法享受\n3D&nbsp;Touch、4K&nbsp;视频、Live&nbsp;Photos这些新功能。原因在于4S的配置是其可供升级的最低配置要求，而iPhone6s所搭载的A9芯片\n等新硬件则是能够发挥出iOS9全部能量，为用户带来最佳的用户体验的配置要求。</p><p>而iOS9的可供运行配置要求与iOS9的最佳体验要求相比，A9的性能也要远远强于其最低配置4S芯片的性能，即便是iPhone6与之相比，其性能差距也是显而易见的。<strong>苹果官方亦是宣传到：A9&nbsp;芯片，与前代产品相比，它将中央处理器的整体性能提升了&nbsp;70%&nbsp;之多，更惊人的是，图形处理器的性能被提升了&nbsp;90%&nbsp;之多。</strong></p><p><img style=\"display: inline;\" class=\"lazy\" src=\"http://img.ithome.com/newsuploadfiles/2016/1/20160123_184651_724.jpeg\" alt=\"强行推广Win10，微软置用户利益于何处？\" data-original=\"http://img.ithome.com/newsuploadfiles/2016/1/20160123_184651_724.jpeg\"></p><p>而若以“老旧硬件在新系统中也需要获得最佳用户体验”的衡量标准来看，显然苹果也是在耍流氓，iOS9能够发挥最佳体验的A9芯片与支持<a class=\"s_tag\" href=\"http://ios.ithome.com/\" target=\"_blank\">iOS9</a>系\n统的前代iPhone所搭载的芯片相比，拥有巨大的性能优势，但苹果在升级之前也没有告知用户在旧的iPhone上运行iOS9并不能带来最佳用户体验，\n也是在以免费为噱头，诱导用户升级，置用户利益于不顾，带来的依然是体验的鸿沟，忽视了用户升级的本质。但事实真是如此吗？很显然事实并非如此，事实是体\n验的差距源于硬件性能进化所带来的提升力度。</p><p><strong>而新Wintel组合的性能差距与iOS9和A9芯片的性能差距是一个道理。</strong>支\n持PAE、NX和SSE2的1GB处理器、16G硬盘空间、包含WDDM&nbsp;1.0&nbsp;驱动程序的微软DirectX&nbsp;9&nbsp;或更高版本的图形卡、以及分辨率在\n800&nbsp;x&nbsp;600规格以上的显示器这些是能够升级Windows&nbsp;10的最低硬件要求。而当前微软新政中谈及的英特尔、AMD、高通最新处理器，则是能\n够获得最佳体验的硬件要求。</p><p><img style=\"display: inline;\" class=\"lazy\" src=\"http://img.ithome.com/newsuploadfiles/2016/1/20160123_184651_792.jpeg\" alt=\"强行推广Win10，微软置用户利益于何处？\" data-original=\"http://img.ithome.com/newsuploadfiles/2016/1/20160123_184651_792.jpeg\"></p><p>很\n明显可供升级的最低硬件要求与当前的新Wintel组合硬件相比较，性能差距是显而易见的，在此差距下也必然会带来体验上的差距，而且这种差距也将是巨大\n的。但是从苹果的例子我们也可以看出，微软这一”置用户利益于不顾“的罪名无疑也是不成立的。体验的差距原因在于硬件性能的自然进化所带来提升力度。</p><p>而\n要求在老旧的硬件上实现与最新硬件一致的最佳用户体验，这很明显是非理性的，是强人所难的不科学，是行不通的，阻碍的是新硬件进步带来的真正用户体验的提\n升。若是老旧的硬件能够带来最佳的用户体验，那么厂商花费大力气研究新型芯片的意义何在？产品的高中低端又该如何划分？</p><p>综上所述，对于质疑者们所言微软新政是”置用户利益于不顾，严重伤害用户利益“的观点个人并不认同。相反，个人认为微软新政是一次促进用户更早获得最佳体验的举措。</p><p>Windows10配合最新的英特尔、高通、AMD的最新处理器，无疑能够更为厂商、开发者提供更大舞台、让他们更为干净利落的挖掘出Windows10的系统潜能，为用户带去更佳的用户体验。<strong>这次新政，对于推动新硬件的增长、降低维护成本、提升用户体验均有裨益，这对于OEM厂商、处理器厂商、开发者和消费者而言无疑是一大利好消息。</strong></p>','2016-03-02 14:41:02',1,'00',1,772,'Win10最新版,iOS9,Intel','IT之家','http://www.ithome.com/html/it/202877.htm','http://sourceimg-10021396.image.myqcloud.com/94ca8c11-8684-4518-8dc1-bff33a22b886'),(50,2,'国产芯片市场被“惯坏”，如何扭转颓势？','\n		    	<!-- 编辑区域 -->\n		    <p>今年，国际芯片巨头纷纷对中国芯片市场进行深耕，尤其是最近几日，国外芯片行业的动作更是频繁。1月17日，美国高通公司与贵州省人民政府在京签署了战略合作协议。今天，英特尔和清华大学、澜起科技签下了研发新型通用CPU的新年第一单。</p><p><img src=\"http://img.ithome.com/newsuploadfiles/2016/1/20160123_182155_855.jpg\" alt=\"国产芯片市场被“惯坏”，如何扭转颓势？\"></p><p>而与之相比，国产芯片则显得备受冷落。尽管近几年市场上总会突兀地出现几家国产芯片企业的信息，但大都是类似“中科红旗倒闭”这样不好的消息。</p><p>提起国产芯片，总给人一种老旧而遥远的感觉。在我国的芯片市场中，国产芯片渐渐失宠，而国外芯片如英特尔、高通等反而很受欢迎。国产芯片市场衰落是多种因素导致的。那么，这些因素都是什么？而我国的芯片行业又该如何扭转当前的颓势呢？</p><p><strong>政府“溺爱”致企业衰落，缺乏商业资本致国产芯片现颓势</strong></p><p>在几个月前举行的CNCC（中国计算机大会）上，谈到关于国内芯片市场的问题时，龙芯中科总裁胡伟武曾说：“政府应该干啥，应该在黑暗森林里围个篱笆墙，构建一个小森林，把国外芯片挡一挡”。</p><p>这番言论引起了很大的争议，被很多媒体解读为“胡伟武又在向国家要政策”。其实胡伟武也许只是想要表达政府应该适当地对芯片市场进行调控而已。但是，这也从侧面反映出国家对于国产芯片行业的“溺爱”程度。其中，龙芯是比较典型的代表。</p><p>在本世纪初，全球进入了个人电脑普及的时代，加之南斯拉夫使馆被轰炸等一系列政治事件，导致中美关系陷入低谷。国家与市场的迫切需要让许多人意识到拥有自主研发的芯片的重要性。</p><p>在这一背景下，龙芯团队诞生。虽然不到一年的时间就将1000万元花光，但也取得了斐然的成绩。2002年8月，“龙芯一号”正式运行，这意味着中国拥有了自主知识产权的高性能处理器芯片。</p><p>此后，“龙芯二号”又在投入大量人力物力后诞生，其在space CPU2000(当时国际公认的CPU测试软件)上的分数超越了当时的Intel奔腾2处理器。</p><p>由于龙芯系列的芯片取得的优异成绩，其领头人胡伟武也走上了人生巅峰，获得了“五四青年”奖章、“中科院杰出青年”等一系列辉煌荣誉，而龙芯团队也获得了“杰出成就奖”等多个奖项。</p><p>但是，就在所有人都觉得龙芯应该一路辉煌下去的时候，阴霾却逐渐显现。本来确立的稳扎稳打路线却转变成了追赶英特尔技术指标的大跃进。此种心态让龙芯偏离了方向，逐渐没落。</p><p>龙芯在想要成为中国的英特尔的同时，却忘记了英特尔之所以能够一家独大，是因为其拥有30余年的技术和市场经验，以及一个强大的盟友--微软。</p><p>此外，国家对龙芯也是多有偏爱。比如2009年时，国家曾计划采购150万台“龙芯”电脑，而且政府对龙芯的研发计划也是时常拨给经费。</p><p>在政府的支撑下，龙芯产能一路飙升至几十万片。然而当时有很多质疑的声音，有人认为，龙芯就像孩子，而政府就像家长，如果不把孩子送到社会上去锻炼，那么孩子将永远长不大。</p><p>从\n今天国产芯片的状况来看，这种担心并非杞人忧天。在如狼似虎的商业环境中，龙芯等国产芯片企业依靠惯了政府，不肯断奶，导致其失去了进取的锐气，逐渐形成\n颓势。与当年的豪情万丈相比，如今的国产芯片企业似乎更安于眼前的状态，颇有独善其身之意味，这显然与全球芯片行业风起云涌的形势大相径庭。</p><p>另外，从本质上来说，商业市场的推动力应该是资本而非国家政策。由于资本需要实现最大化地增值，所以它会自动寻找最能赚钱的一切因素。它挣得的是真金白银，而非科技报告、研究成果等含有过多水分的东西，而国产芯片企业缺少的恰恰就是这种推动力。</p><p>最后，由于个人PC市场的风潮已过，个人电脑消费市场严重饱和，导致芯片在个人PC端市场形势低迷。许多家庭N年都不换一台电脑，反而是手机频频更新迭代。这就让芯片又失去了一个大市场。</p><p>那么，面对此种颓势，各方该如何扭转乾坤？</p><p><strong>企业主动投身市场竞争，眼光放长远或可扭转颓势</strong></p><p>客观来讲，一个商业公司若想取得成功，需要体制、人才以及顺应趋势。但是现在国产芯片企业的问题就在于政府扶持过于用力，没有商业资本推动，以及国外芯片行业巨头纷纷在中国布局，可谓“内忧外患”。</p><p>胡伟武认为，政府应该挡住国外的企业进军国内的步伐。但是，在商业市场中，外患不是仅仅靠“挡”就能解决问题的。即使是挡，政府也只能挡住一部分。何况这种办法和当年大禹的父亲鲧治水时使用阻塞的法子一样，就算一时能起到效果，终不及大禹疏导的办法来的彻底。</p><p>同理，政府应该适当放手，让资本去主导市场。这样，才能为市场注入新的活力。优秀的外来企业能够激发国内企业的斗志，就像狮子和羚羊，永远在斗争中磨砺自身的能力，这才是正确的方式。</p><p>另外，许多国内机构更加倾向于与国外的芯片企业进行合作。由于国内的芯片从技术、质量上都远低于国外，所以很少有人愿意去对国内的芯片企业进行投资和研发。</p><p>这就很容易形成一种死循环趋势。国外企业与国内机构强强联合，而国产芯片企业无人问津。强者愈强，弱者愈弱，长此以往，必然向着更坏的方向发展。</p><p>虽然目前技不如人，但是在当今，芯片的重要性不言自明。所以国内企业必须将眼光放长远。</p><p>比如华为就正在着手布局芯片行业，其旗下的海思半导体正在进行SoC（系统单芯片）的开发、GPU（自有绘图芯片）以及记忆体产品。</p><p>大企业牵头研发芯片，其他企业跟进，这样才有利于将国内芯片行业由低价同质化企业转为技术型企业。</p><p>曾经在一片叫好声和接踵而来的荣誉中，人们都忽略了其实中国的核心软硬件产品与国外仍存在几个英特尔的距离。例如当时龙芯团队使用的EDA（芯片设计软件）大都是国外企业的产物，而负责流片生产的中芯国际使用的关键制造设备，也都是由国外引进的。</p><p>盛名之下，难副其实，是国内芯片企业的现状。尚未开始产业化的芯片行业，逐渐偏离了市场轨道。面对这种情况，需要政府、资本、企业的共同发力，方可扭转颓势，让中国芯片真正在技术上、质量上做到上乘，让“中国芯”在全球芯片市场的激烈竞争中占据一席之地。</p>','2016-03-02 14:52:34',1,'00',1,98,'龙芯,芯片,Intel','IT之家','http://www.ithome.com/html/it/202877.htm','http://sourceimg-10021396.image.myqcloud.com/04678ad9-a1df-4680-9514-770f71d76785'),(51,2,'重燃Win10会员热情，微软推出“由你来定”系列专题','当前Insider会员们都在渴望着下一个<a class=\"s_tag\" href=\"http://win10.ithome.com/\" target=\"_blank\">Win10</a>预览版的到来，微软在去岁末推送<a class=\"s_tag\" href=\"http://win10.ithome.com/\" target=\"_blank\">Windows10</a> RS1首个预览版时，曾承诺会从今年1月份开始加快Win10预览版的推送速度，同时还将改进Insider会员体验，充分发挥《会员中心》应用的作用。<p>今\n天微软Windows团队在《会员中心》中发布了“Made by You（由你来定）”系列专题的开篇文章。微软表示在“Made by \nYou”系列中将集中展示微软是如何解决Windows Insider用户所反馈的问题，以及如何调查用户反馈，并付诸实践，做出改进的。</p><p><img src=\"http://img.ithome.com/newsuploadfiles/2015/12/20151217_074034_807.jpg\" alt=\"重燃Win10会员热情，微软推出“由你来定”系列专题\"></p><p>去\n年春末夏初微软Win10 \nInsider项目真正全面展开，全新《会员中心》一度成为微软Window团队与Insider会员展开对话的最佳窗口。随着时间的推移，《会员中心》\n逐渐被冷落。Win10正式发布后，在预览版系统中《会员中心》更是变成了一项可选功能，Insider会员需要自行下载安装，微软只是偶尔会在《会员中\n心》中发布一些简单的系统发布日志。</p><p>现在微软通过“Made by You”让《会员中心》重获新生，重新点燃Insdier反馈热情。今天发布的首篇文章主要针对Win10中高分屏缩放显示问题进行了详细阐述，包括目前已经解决的问题以及将在未来完成的任务。</p><p>Windows高分屏显示一直是微软的一大痛点，目前Win10应用商店应用以及大部分WPF应用在高分屏下的显示已经比较完美，但大部分Win32应用仍出现显示模糊的问题，我们期待Win10高分屏显示在Redstone更新中能够有所突破。</p>','2016-01-24 14:20:00',1,'01',1,19,'Win10预览版,Win10最新版,Win10系统','IT之家','http://www.ithome.com/html/win10/199507.htm','http://sourceimg-10021396.image.myqcloud.com/680e05d2-6e8b-4dc0-9e9a-4731d3a8cf60'),(56,2,'测试图片上传','测试测<!-- 编辑区域 -->\n		    ','2016-01-26 16:46:18',1,'00',0,6,'关键词1,关键词2,关键词3','','','http://sourceimg-10021396.image.myqcloud.com/680e05d2-6e8b-4dc0-9e9a-4731d3a8cf60'),(57,2,'测试图片上传','测试测试<!-- 编辑区域 -->\n		    ','2016-01-26 16:59:04',1,'00',0,12,'关键词1,关键词2,关键词3','','','http://sourceimg-10021396.image.myqcloud.com/680e05d2-6e8b-4dc0-9e9a-4731d3a8cf60'),(58,2,'测试','测试<!-- 编辑区域 -->\n		    ','2016-01-26 17:04:17',1,'00',0,14,'关键词1,关键词2,关键词3','','','http://sourceimg-10021396.image.myqcloud.com/680e05d2-6e8b-4dc0-9e9a-4731d3a8cf60'),(66,2,'测试新的图片上传','测试<!-- 编辑区域 -->\n		    ','2016-02-17 09:42:15',1,'10',1,51,'关键词1,关键词2,关键词3','','','http://sourceimg-10021396.image.myqcloud.com/9d7fa7cb-0dab-4ed3-bb86-f64e7c613162'),(67,2,'测试关联文章','测试<!-- 编辑区域 -->\n		    ','2016-03-02 14:55:53',1,'00',0,7,'关键词1,关键词2,关键词3','','','http://sourceimg-10021396.image.myqcloud.com/27c433bc-51a6-4b75-9148-4ad5b6d836ba');

/*Table structure for table `index_type` */

DROP TABLE IF EXISTS `index_type`;

CREATE TABLE `index_type` (
  `index_type_id` int(11) NOT NULL AUTO_INCREMENT,
  `index_type` varchar(10) NOT NULL COMMENT '类型',
  PRIMARY KEY (`index_type_id`)
) ENGINE=InnoDB AUTO_INCREMENT=4 DEFAULT CHARSET=utf8;

/*Data for the table `index_type` */

insert  into `index_type`(`index_type_id`,`index_type`) values (1,'公告'),(2,'活动'),(3,'通知');

/*Table structure for table `trade_type` */

DROP TABLE IF EXISTS `trade_type`;

CREATE TABLE `trade_type` (
  `id` int(11) NOT NULL,
  `trade_type` varchar(20) DEFAULT NULL,
  `trade_type_img` varchar(200) DEFAULT NULL,
  PRIMARY KEY (`id`)
) ENGINE=InnoDB DEFAULT CHARSET=utf8;

/*Data for the table `trade_type` */

insert  into `trade_type`(`id`,`trade_type`,`trade_type_img`) values (1,'转入','page/assets/img/circle-green-up.png'),(2,'转出','page/assets/img/circle-red-down.png'),(3,'缴费','page/assets/img/circle-creditcard.png');

/*Table structure for table `user_card` */

DROP TABLE IF EXISTS `user_card`;

CREATE TABLE `user_card` (
  `user_card_id` int(11) NOT NULL AUTO_INCREMENT COMMENT '用户卡id',
  `user_card_num` varchar(50) DEFAULT NULL COMMENT '卡号',
  `user_card_balance` double(50,0) DEFAULT NULL COMMENT '余额',
  `user_card_state` int(11) DEFAULT NULL COMMENT '银行卡状态',
  `user_card_user_id` int(11) DEFAULT NULL COMMENT '用户id',
  `user_card_type` int(11) DEFAULT NULL COMMENT '银行卡种类',
  `user_card_opentime` timestamp NULL DEFAULT NULL COMMENT '开卡时间',
  PRIMARY KEY (`user_card_id`)
) ENGINE=InnoDB AUTO_INCREMENT=49 DEFAULT CHARSET=utf8;

/*Data for the table `user_card` */

insert  into `user_card`(`user_card_id`,`user_card_num`,`user_card_balance`,`user_card_state`,`user_card_user_id`,`user_card_type`,`user_card_opentime`) values (23,'bc8a770d-e77e-48c1-bf6d-2a7b808da32d',49101,1,55,2,'2016-02-22 12:25:04'),(25,'4742d64c-6966-4cb7-84e5-71d30a490928',48789,3,55,1,'2016-02-22 14:04:25'),(26,'d2e53305-9e91-43c8-a51b-f421703f7658',49334,4,55,3,'2016-02-22 14:04:32'),(27,'6fa88fd9-6867-4bca-b653-d85973eda86b',49100,5,55,2,'2016-02-22 14:04:38'),(28,'77e9f97c-ce48-48dc-b206-b8c693b70288',50000,6,55,2,'2016-02-22 14:12:56'),(29,'9c5401c4-5698-4252-b0ff-d4659197a85f',50000,5,56,1,'2016-02-24 10:50:47'),(30,'37c6ace9-0795-4510-afb1-ac0295aac695',50000,5,55,1,'2016-03-05 22:43:47'),(31,'f3da9b52-ee83-40a7-99e8-03a5c173b195',50000,5,55,3,'2016-03-05 22:44:23'),(47,'cda392aa-09e8-45d3-be51-34a41c5bf5c5',50000,1,55,3,'2016-03-08 17:45:40'),(48,'f3bf06b3-6515-4bf5-bed5-5cf1835a4ea2',50000,5,55,1,'2016-03-18 17:09:56');

/*Table structure for table `user_card_copy` */

DROP TABLE IF EXISTS `user_card_copy`;

CREATE TABLE `user_card_copy` (
  `user_card_id` int(11) NOT NULL AUTO_INCREMENT COMMENT '用户卡id',
  `user_card_num` varchar(50) DEFAULT NULL COMMENT '卡号',
  `user_card_balance` double(50,0) DEFAULT NULL COMMENT '余额',
  `user_card_state` int(11) DEFAULT NULL COMMENT '银行卡状态',
  `user_card_user_id` int(11) DEFAULT NULL COMMENT '用户id',
  `user_card_type` int(11) DEFAULT NULL COMMENT '银行卡种类',
  `user_card_opentime` timestamp NULL DEFAULT NULL COMMENT '开卡时间',
  PRIMARY KEY (`user_card_id`)
) ENGINE=InnoDB AUTO_INCREMENT=49 DEFAULT CHARSET=utf8;

/*Data for the table `user_card_copy` */

insert  into `user_card_copy`(`user_card_id`,`user_card_num`,`user_card_balance`,`user_card_state`,`user_card_user_id`,`user_card_type`,`user_card_opentime`) values (23,'bc8a770d-e77e-48c1-bf6d-2a7b808da32d',49101,1,55,2,'2016-02-22 12:25:04'),(25,'4742d64c-6966-4cb7-84e5-71d30a490928',48789,3,55,1,'2016-02-22 14:04:25'),(26,'d2e53305-9e91-43c8-a51b-f421703f7658',49334,4,55,3,'2016-02-22 14:04:32'),(27,'6fa88fd9-6867-4bca-b653-d85973eda86b',49100,5,55,2,'2016-02-22 14:04:38'),(28,'77e9f97c-ce48-48dc-b206-b8c693b70288',50000,6,55,2,'2016-02-22 14:12:56'),(29,'9c5401c4-5698-4252-b0ff-d4659197a85f',50000,5,56,1,'2016-02-24 10:50:47'),(30,'37c6ace9-0795-4510-afb1-ac0295aac695',50000,5,55,1,'2016-03-05 22:43:47'),(31,'f3da9b52-ee83-40a7-99e8-03a5c173b195',50000,5,55,3,'2016-03-05 22:44:23'),(47,'cda392aa-09e8-45d3-be51-34a41c5bf5c5',50000,1,55,3,'2016-03-08 17:45:40'),(48,'f3bf06b3-6515-4bf5-bed5-5cf1835a4ea2',50000,5,55,1,'2016-03-18 17:09:56');

/*Table structure for table `user_card_state` */

DROP TABLE IF EXISTS `user_card_state`;

CREATE TABLE `user_card_state` (
  `state_id` int(11) NOT NULL COMMENT '状态id',
  `state_name` varchar(10) DEFAULT NULL COMMENT '状态名称',
  PRIMARY KEY (`state_id`)
) ENGINE=InnoDB DEFAULT CHARSET=utf8;

/*Data for the table `user_card_state` */

insert  into `user_card_state`(`state_id`,`state_name`) values (0,'未激活'),(1,'正常'),(2,'禁封'),(3,'冻结'),(4,'挂失'),(5,'审核中'),(6,'审核未通过');

/*Table structure for table `user_trade` */

DROP TABLE IF EXISTS `user_trade`;

CREATE TABLE `user_trade` (
  `id` int(11) NOT NULL AUTO_INCREMENT COMMENT 'id',
  `trade_number` varchar(200) DEFAULT NULL COMMENT '交易单号',
  `trade_type_id` int(11) DEFAULT NULL COMMENT '交易类型',
  `trade_user_id` int(11) DEFAULT NULL COMMENT '本方id',
  `trade_other_user_id` int(11) DEFAULT NULL COMMENT '对方id',
  `trade_user_card` varchar(200) DEFAULT NULL COMMENT '本方卡号',
  `trade_other_card` varchar(200) DEFAULT NULL COMMENT '对方卡号',
  `trade_expend_money` double DEFAULT NULL COMMENT '支出金额',
  `trade_income_money` double DEFAULT NULL COMMENT '收入金额',
  `trade_state` int(11) DEFAULT NULL COMMENT '交易状态',
  `trade_time` timestamp NOT NULL DEFAULT CURRENT_TIMESTAMP ON UPDATE CURRENT_TIMESTAMP COMMENT '交易时间',
  `trade_info` varchar(200) DEFAULT NULL COMMENT '交易备注',
  PRIMARY KEY (`id`)
) ENGINE=InnoDB AUTO_INCREMENT=47 DEFAULT CHARSET=utf8;

/*Data for the table `user_trade` */

insert  into `user_trade`(`id`,`trade_number`,`trade_type_id`,`trade_user_id`,`trade_other_user_id`,`trade_user_card`,`trade_other_card`,`trade_expend_money`,`trade_income_money`,`trade_state`,`trade_time`,`trade_info`) values (27,'1456287333934',1,55,55,'6fa88fd9-6867-4bca-b653-d85973eda86b','d2e53305-9e91-43c8-a51b-f421703f7658',666,0,1,'2016-02-24 12:15:30','1'),(28,'1456287333974',1,55,55,'d2e53305-9e91-43c8-a51b-f421703f7658','6fa88fd9-6867-4bca-b653-d85973eda86b',0,666,1,'2016-02-24 12:15:30','1'),(29,'1456288421750',1,55,55,'4742d64c-6966-4cb7-84e5-71d30a490928','6fa88fd9-6867-4bca-b653-d85973eda86b',100,0,1,'2016-02-24 12:33:38','2'),(30,'1456288421781',1,55,55,'6fa88fd9-6867-4bca-b653-d85973eda86b','4742d64c-6966-4cb7-84e5-71d30a490928',0,100,1,'2016-02-24 12:33:38','2'),(31,'1456324781131',2,55,55,NULL,NULL,1000,1000,1,'2016-02-24 22:41:03','测试从余额宝提现~'),(32,'1456824004390',1,55,55,NULL,NULL,1111,1111,1,'2016-03-01 17:20:03','1111111'),(33,'1456907596279',1,55,55,NULL,NULL,11,11,1,'2016-03-02 16:33:14','测试正常卡转账'),(34,'1456979747697',1,59,59,NULL,NULL,111,111,1,'2016-03-03 12:35:45',''),(38,'1456992014191',3,55,60,NULL,NULL,1234,0,1,'2016-03-03 16:54:04','手机缴费'),(39,'1456995359554',3,55,60,NULL,NULL,55,0,1,'2016-03-03 16:56:17','手机缴费'),(40,'1456995783723',3,55,60,NULL,NULL,444,0,1,'2016-03-03 17:03:02','手机缴费'),(41,'1456995783785',1,60,55,NULL,NULL,0,444,1,'2016-03-03 17:03:02','用户:测试账号0缴费'),(42,'1457075890209',1,56,55,NULL,NULL,1000,0,1,'2016-03-04 15:18:11','啊啊啊啊'),(43,'1457075890281',1,55,56,NULL,NULL,0,1000,1,'2016-03-04 15:18:11','啊啊啊啊'),(44,'1457155948773',2,55,55,NULL,NULL,111.662,111.662,1,'2016-03-05 13:32:26','a'),(45,'1457942709120',1,56,55,NULL,NULL,233,0,1,'2016-03-14 16:05:09','郭老师~~'),(46,'1457942709120',1,55,56,NULL,NULL,0,233,1,'2016-03-14 16:05:09','郭老师~~');

/*Table structure for table `user_userinfo` */

DROP TABLE IF EXISTS `user_userinfo`;

CREATE TABLE `user_userinfo` (
  `user_id` int(11) NOT NULL AUTO_INCREMENT COMMENT '用户主键',
  `user_name` varchar(10) DEFAULT NULL COMMENT '用户姓名',
  `user_pass` varchar(20) DEFAULT NULL COMMENT '用户密码',
  `user_paypass` int(6) DEFAULT NULL COMMENT '用户支付密码',
  `user_city` varchar(10) DEFAULT NULL COMMENT '用户所在地',
  `user_obligate_info` varchar(20) DEFAULT NULL COMMENT '用户预留信息',
  `user_face` varchar(200) DEFAULT NULL COMMENT '用户头像(路径)',
  `user_idcard` varchar(18) DEFAULT NULL COMMENT '用户身份证',
  `user_phone` varchar(20) DEFAULT NULL COMMENT '用户手机号',
  `user_email` varchar(20) DEFAULT NULL COMMENT '用户邮箱',
  `user_state` int(1) DEFAULT NULL COMMENT '用户状态',
  `user_last_login_time` datetime DEFAULT NULL COMMENT '用户最后一次登录时间',
  `user_regist_time` datetime DEFAULT NULL COMMENT '用户注册时间',
  `user_account_money` double DEFAULT NULL COMMENT '账户余额',
  `user_account_balance` double DEFAULT NULL COMMENT '余额宝',
  PRIMARY KEY (`user_id`),
  UNIQUE KEY `user_idcard` (`user_idcard`)
) ENGINE=InnoDB AUTO_INCREMENT=62 DEFAULT CHARSET=utf8;

/*Data for the table `user_userinfo` */

insert  into `user_userinfo`(`user_id`,`user_name`,`user_pass`,`user_paypass`,`user_city`,`user_obligate_info`,`user_face`,`user_idcard`,`user_phone`,`user_email`,`user_state`,`user_last_login_time`,`user_regist_time`,`user_account_money`,`user_account_balance`) values (55,'测试账号0','111',NULL,'北京','wocaonima???','http://sourceimg-10021396.image.myqcloud.com/bd7a1b39-eecf-40ac-91ee-2676271eea92','610102199407201510','13279379235','505717760@qq.com',1,'2016-04-18 11:57:04','2015-12-25 13:01:00',881273.33,2117.968),(56,'测试账号1','111',NULL,'北京\r\n','12312','http://sourceimg-10021396.image.myqcloud.com/f86c151d-7a1e-4ba1-885f-e487ce6c6d8a','610102199407201511','18894015678','2366320247@qq.com',1,'2016-01-05 16:50:17','2016-01-05 16:50:17',30033,0),(57,'测试账号2','111',NULL,'北京\r\n','wocaonima','http://sourceimg-10021396.image.myqcloud.com/fad5d6ce-7490-45a6-b5d7-f62bb59e3501','610102199407201512','18894015672','4360711851@qq.com',1,'2016-01-07 14:27:21','2016-01-07 14:27:21',100001,0),(58,'测试账号3','111',NULL,'北京\r\n','505717760@qq.com','http://sourceimg-10021396.image.myqcloud.com/025d0705-23a8-4954-9529-b192c870721e','610102199407201513','13279379234','23663202447@qq.com',1,'2016-01-07 19:02:51','2016-01-07 19:02:51',100132,0),(59,'测试账号5','111',NULL,'北京\r\n','asdasd','http://sourceimg-10021396.image.myqcloud.com/ff57a481-5439-49d1-9352-bf78d4c0c832','610102199407201514','13872654744','5057177601@qq.com',1,'2016-01-09 10:45:15','2016-01-09 10:45:15',100153,111),(60,'中国联通','111',NULL,'北京\r\n','中国联缴费账号','http://sourceimg-10021396.image.myqcloud.com/07cbaffd-a978-449e-92e8-d209afeef03d','610102199407201111','13279379236','8666666@qq.com',0,'2016-03-03 16:49:56','2016-03-03 16:49:56',0,0),(61,'sdfs','chen123456',NULL,'北京\r\n','fsfsdsdf',NULL,'610526199408230017','18628449139','436071185@qq.com',1,'2016-03-10 09:29:59','2016-03-10 09:29:59',50000,0);

/*!40101 SET SQL_MODE=@OLD_SQL_MODE */;
/*!40014 SET FOREIGN_KEY_CHECKS=@OLD_FOREIGN_KEY_CHECKS */;
/*!40014 SET UNIQUE_CHECKS=@OLD_UNIQUE_CHECKS */;
/*!40111 SET SQL_NOTES=@OLD_SQL_NOTES */;
